id,domain,status,purchase_price,renewal_price,attractiveness,demand,length,registrar,created_at,expires_at,status_verified_at
b66b69ed-ff57-46b3-a921-d75a6c1d435e,hoary.vin,available,6.98,75.98,medium,low,5,namecheap,,,20/08/2026 19:20
13567ae9-520f-4886-beb3-7d55be010117,variously.vin,available,6.98,75.98,medium,low,9,namecheap,,,14/09/2026 13:23
3228d5ef-7bba-4cad-afd4-1a2ceb6cb814,crucially.vin,available,6.98,75.98,medium,low,9,namecheap,,,14/09/2026 09:50
9001d9dc-5009-4905-9671-df6513028378,downmarket.vin,available,6.98,75.98,medium,low,10,namecheap,,,14/08/2026 17:48
d341f5c7-b6fb-4fed-b201-bfb35bb0b427,biracial.vin,available,6.98,75.98,high,low,8,namecheap,,,10/08/2026 05:42
867218e6-20bc-4290-841a-328d0b1aa74b,pleased.vin,available,6.98,75.98,high,low,7,namecheap,,,27/09/2026 04:08
55c23c6a-c78b-48bb-84f8-a7134f455ae9,firework.vin,available,6.98,75.98,high,low,8,namecheap,,,09/09/2026 07:10
972e7ad5-b486-4959-9539-1c7e992651ca,recovering.vin,available,6.98,75.98,high,low,10,namecheap,,,23/09/2026 22:44
a471f865-1d37-43c7-9d06-38223eb035bc,promotive.vin,available,6.98,75.98,high,low,9,namecheap,,,09/09/2026 03:13
50257dc3-f208-4356-9bfa-7da55e70c2d3,underestimate.vin,available,11.99,,high,low,13,name.com,,,
5394b3b5-1d5a-4cd1-a01c-cfeee11d4667,lepanto.vin,available,8.99,59.99,medium,low,7,namesilo,,,22/09/2026 15:21
14f72521-8e5e-4834-b52c-d353d3bbca49,unlaced.vin,available,6.98,75.98,medium,low,7,namecheap,,,12/09/2026 14:37
98c85832-b4f3-440a-b443-0d362573a6bf,home.vin,resell,,,high,medium,4,"DNSPod, Inc.",22/05/2021 22:27,22/05/2027 22:27,26/09/2026 06:42
b56ca73e-9b58-4883-8947-e8443b70d9ca,revived.vin,available,6.98,75.98,high,low,7,namecheap,,,09/09/2026 11:00
831e9433-fc30-4163-9277-d21bb261356d,stoically.vin,available,8.99,59.99,medium,low,9,namesilo,,,16/09/2026 07:14
94ef3725-bcc8-4ce5-8a8d-54a1c332ba4a,offside.vin,available,6.98,75.98,medium,low,7,namecheap,,,04/09/2026 01:39
fed93113-da47-4168-bd29-0e02be8fb815,governable.vin,available,6.98,75.98,medium,low,10,namecheap,,,12/08/2026 23:44
48ebfb14-85ca-4bfe-96d7-762e672901bc,jument.vin,available,6.98,75.98,medium,low,6,namecheap,,,22/09/2026 21:27
a15c318f-88fa-430c-bf44-31438b4656bd,economical.vin,available,6.98,75.98,high,low,10,namecheap,,,24/09/2026 13:25
3bd8fef6-626d-4a7a-9952-17d1f325ffd4,lifeless.vin,available,6.98,75.98,medium,low,8,namecheap,,,17/08/2026 15:52
4350f5d2-60ce-4961-8caf-03d9cc9f32a7,quentin.vin,available,8.99,59.99,medium,low,7,namesilo,,,27/09/2026 01:36
420c7c46-9a68-4f06-a973-f8359055fa3c,allie.vin,available,6.98,75.98,high,low,5,namecheap,,,17/09/2026 22:42
b3eac54e-e51c-4b6c-8601-1f7278d6d5ef,bilimbi.vin,available,8.99,59.99,medium,low,7,namesilo,,,21/09/2026 09:13
4f522de9-603d-4b4f-bd05-659f4081ef12,dying.vin,available,6.98,75.98,high,low,5,namecheap,,,24/09/2026 12:37
ebdfc967-2aeb-46a7-883c-329054a0d171,church.vin,available,11.99,,high,low,6,name.com,,,
1076b6a3-d315-497a-a22b-3277fc81fbc3,bygone.vin,available,6.98,75.98,medium,low,6,namecheap,,,11/08/2026 12:06
cf7a3e6e-8677-41cb-afc3-563801f83a55,anywhere.vin,available,11.99,,high,low,8,name.com,,,
9c9da681-90d5-4086-947a-36ab561f7c92,wrong.vin,available,6.98,75.98,high,low,5,namecheap,,,25/09/2026 07:41
d0f1194c-4ec1-47b6-82ea-5f39c240f7f8,xcv.vin,available,6.98,75.98,medium,low,3,namecheap,,,
3be75011-4740-4a2f-be4c-34afafae447a,ricefield.vin,available,11.99,,high,low,10,name.com,,,
dec6d6ea-5fb5-418c-930a-c40e3be695f8,copy.vin,available,11.99,,high,low,4,name.com,,,
9812543a-e4e7-474e-bbbf-371021f43ac0,lovesome.vin,available,6.98,75.98,high,low,8,namecheap,,,
f082b0b3-be2b-4817-9f02-ee6e4b4a590c,randolph.vin,available,8.99,59.99,high,low,8,namesilo,,,25/09/2026 14:59
bc52cbd7-9255-4419-9ec2-8efc0a41468b,gore.vin,available,11.99,,medium,low,4,name.com,,,
a4da9131-43ed-493f-be68-c3f39bd29997,lxxxiii.vin,available,6.98,75.98,medium,low,7,namecheap,,,
27e08754-b10f-4ed2-92ea-fb345f84d37c,throated.vin,available,6.98,75.98,medium,low,8,namecheap,,,11/09/2026 14:39
c6b83a84-8cae-445f-99f8-2d60bfed1809,forgiving.vin,available,8.99,59.99,high,low,9,namesilo,,,21/09/2026 14:52
bc200e60-0345-4eea-9097-1a57c4dd6e15,heap.vin,available,6.98,75.98,high,low,4,namecheap,,,25/08/2026 00:28
2279f961-264e-4623-997e-ced625b4cfb3,airing.vin,available,8.99,59.99,high,low,6,namesilo,,,17/09/2026 23:12
16ef452c-064d-425a-b303-07484944488a,len.vin,available,8.99,59.99,medium,low,3,namesilo,,,27/09/2026 01:38
e5905641-95b1-47d9-b1b5-109681e11789,moonlit.vin,available,6.98,75.98,high,low,7,namecheap,,,25/08/2026 05:56
dc573e34-c94b-4d62-8746-7c38ae16e8d5,reachable.vin,available,6.98,75.98,high,low,9,namecheap,,,09/09/2026 10:55
686f6962-ab53-4cc4-841b-a10a2214f0c4,syndetic.vin,available,6.98,75.98,medium,low,8,namecheap,,,11/09/2026 06:23
898d880d-f5da-4a77-b8a6-71b0742c5bfe,cattleman.vin,available,8.99,59.99,high,low,9,namesilo,,,23/09/2026 00:40
2cb9a7ae-1b92-4471-893d-1872d7a904b8,aol.vin,available,,,high,high,3,,,,
42295dc3-a6e4-471d-b467-e85e0cf060f0,plentiful.vin,available,6.98,75.98,high,low,9,namecheap,,,27/09/2026 04:16
7ceff061-7ef4-4ff2-bd66-bc27eb974c1f,express.vin,premium,512,512,high,low,7,namesilo,,,24/09/2026 16:04
26592d76-f9bd-4d06-9455-2da311fda05f,learned.vin,available,6.98,75.98,high,low,7,namecheap,,,23/09/2026 19:31
19c0ca1c-88f4-4dc5-8a0a-3fa1023f7ea6,alcibiades.vin,available,8.99,59.99,medium,low,10,namesilo,,,18/09/2026 04:00
3f4fdccd-f830-4323-80c7-412959ac1a5c,syncretic.vin,available,6.98,75.98,medium,low,9,namecheap,,,11/09/2026 06:21
e68e2d44-9c6a-4d95-9cc3-b8b831c0221c,accountability.vin,available,11.99,,high,low,14,name.com,,,
45019176-0041-48eb-bc41-bfb25961fcc4,azide.vin,available,6.98,75.98,high,low,5,namecheap,,,21/09/2026 11:12
af2db044-c806-4b20-aa8b-17060296d8d8,baboo.vin,available,8.99,59.99,high,low,5,namesilo,,,21/09/2026 12:51
c5d284c2-87fb-4a72-8eb1-b8d797a69f0d,unmediated.vin,available,6.98,75.98,medium,low,10,namecheap,,,12/09/2026 15:32
f22ed2fb-40df-4cb9-b492-393c203ab8d2,thundering.vin,available,6.98,75.98,high,low,10,namecheap,,,11/09/2026 15:14
55405c70-a854-4cca-bfd5-92fe1e8d0426,scurvy.vin,available,6.98,75.98,medium,low,6,namecheap,,,
c7867553-cf13-4848-992e-b778cae70e3c,binary.vin,available,8.99,59.99,high,low,6,namesilo,,,22/09/2026 20:45
d30ab5ff-1c66-4b5c-956d-6438683f53e4,beard.vin,available,6.98,75.98,high,low,5,namecheap,,,22/09/2026 21:01
a5ba6efe-8851-448f-b164-cf1084a82e0d,officious.vin,available,6.98,75.98,medium,low,9,namecheap,,,11/08/2026 11:26
8ad9f6bc-e9d5-46f8-97af-edbeb3353c9d,patter.vin,available,6.98,75.98,high,low,6,namecheap,,,15/09/2026 20:21
c2bfcf49-54cb-4aef-896d-94b2d6b35826,pedagogic.vin,available,6.98,75.98,medium,low,9,namecheap,,,08/09/2026 12:15
405abb5b-58b4-4ea6-98c8-8462eab90c83,lorraine.vin,available,8.99,59.99,high,low,8,namesilo,,,25/09/2026 09:09
740cbf8b-1634-4f3c-b6c3-25e6da12be03,espouse.vin,available,6.98,75.98,high,low,7,namecheap,,,13/09/2026 09:39
9f89fb13-8831-4926-af4e-4c44cd30f1c1,advertisements.vin,available,11.99,,medium,low,14,name.com,,,
81f88d08-eed4-458b-98c5-998a37c46b3d,accra.vin,available,8.99,59.99,high,low,5,namesilo,,,16/09/2026 23:13
0e13f3b6-da70-49db-9fa2-eac88fd23433,locks.vin,available,8.99,59.99,high,low,5,namesilo,,,16/09/2026 14:31
32c284b2-bc71-41d8-a5dd-64850977862b,pound.vin,available,11.99,,high,low,5,name.com,,,
781d3a30-32e5-4edb-ab2b-b83f6dada9fd,linnean.vin,available,6.98,75.98,high,low,7,namecheap,,,23/08/2026 17:24
0fd2de22-d809-4eae-a6d6-cb3c9e50e458,denude.vin,available,6.98,75.98,medium,low,6,namecheap,,,14/08/2026 02:02
6f6c95f0-8eee-4206-8e58-9a3233c039fd,bot.vin,resell,,,high,medium,3,"DNSPod, Inc.",23/07/2024 17:13,23/07/2027 17:13,26/09/2026 04:34
fd64feb0-00de-4a84-800a-7dfdf1838dae,mosquitos.vin,available,8.99,59.99,low,low,9,namesilo,,,18/09/2026 14:26
9f479b59-da45-48e4-83da-e542d862ae65,creditors.vin,available,8.99,59.99,medium,low,9,namesilo,,,20/09/2026 15:31
b34afd55-8573-4869-b1c6-e712b2f9fc16,restrict.vin,available,6.98,75.98,medium,low,8,namecheap,,,19/09/2026 17:10
01137d46-3fea-4b63-94b3-8b8cd588113e,anzio.vin,available,8.99,59.99,medium,low,5,namesilo,,,19/09/2026 16:01
34a580b9-ce6b-4321-a3a3-672867b4b6e6,catoptric.vin,available,6.98,75.98,medium,low,9,namecheap,,,11/08/2026 22:12
b6696edf-45ec-4321-86ff-a4d02bafd3c8,england.vin,available,11.99,,high,low,7,name.com,,,
044d058f-0231-4985-b875-b56990c7682d,clack.vin,available,8.99,59.99,medium,low,5,namesilo,,,23/09/2026 23:30
9261a0ac-0597-43f4-ac70-f464fef3b528,muffle.vin,available,11.99,77.99,medium,low,6,name.com,,,13/08/2026 16:49
24eded6a-ab87-4a83-a73b-221b8216e31f,skip.vin,available,8.99,59.99,high,low,4,namesilo,,,25/09/2026 07:30
22680739-481e-4f6e-b775-67a97c9d3397,unkempt.vin,available,6.98,75.98,medium,low,7,namecheap,,,12/09/2026 14:07
bb109de4-617a-4909-b9ce-ffb32fa5584d,fruitless.vin,available,6.98,75.98,medium,low,9,namecheap,,,10/08/2026 19:39
7747ad09-3230-4bf4-8b47-cc5e2e65dc46,donut.vin,available,11.99,,high,low,5,name.com,,,
24896139-94ce-46d0-8b67-3245a93559e8,elective.vin,available,6.98,75.98,high,low,8,namecheap,,,16/08/2026 02:33
be4eec69-0f24-46ca-8877-902b664fb68a,theatre.vin,available,8.99,59.99,high,low,7,namesilo,,,24/09/2026 23:54
debbc5c7-1d3e-48aa-88a9-bdf78f7e3a8c,syntactic.vin,available,6.98,75.98,high,low,9,namecheap,,,11/09/2026 06:39
9cbe99fc-d146-4a04-b5e4-7e82ec977f58,western.vin,available,6.98,75.98,high,low,7,namecheap,,,13/09/2026 10:56
e3c5cfd5-48e2-48ac-9a4a-12a5ae8b40d4,amorphous.vin,available,6.98,75.98,medium,low,9,namecheap,,,
3ec40817-b986-4664-8609-04eb6cdbcfcd,ixl.vin,available,6.98,75.98,medium,low,3,namecheap,,,
e7692f8c-579b-47b9-a130-6d90934cfc85,upstair.vin,available,6.98,75.98,medium,low,7,namecheap,,,12/09/2026 23:20
58386e47-81f5-4d90-a833-92d422367867,frontward.vin,available,6.98,75.98,medium,low,9,namecheap,,,18/08/2026 12:50
5a0341f1-a6c3-4105-8389-3f61b1750905,attenuate.vin,available,6.98,75.98,medium,low,9,namecheap,,,07/08/2026 15:21
08141754-76ba-4ec7-9950-f3cc005dfb8f,root.vin,available,8.99,59.99,high,medium,4,namesilo,,,22/09/2026 05:53
32abcc78-069d-454b-a9aa-1abc14a574aa,vocally.vin,available,8.99,59.99,medium,low,7,namesilo,,,16/09/2026 11:07
1e9c3204-3559-48da-93e9-177dad1ab6b6,receding.vin,available,6.98,75.98,medium,low,8,namecheap,,,09/09/2026 11:16
aaa960f7-6d13-44c9-bfa1-fb523d9bf4d7,boolean.vin,available,6.98,75.98,high,low,7,namecheap,,,10/08/2026 19:12
1b423019-b29a-4208-9210-ca427941566e,cruise.vin,premium,128.7,128.7,high,low,6,namecheap,,,24/09/2026 19:51
46816a6a-3e62-4511-9e7a-ee257e735535,clamp.vin,available,8.99,59.99,high,low,5,namesilo,,,24/09/2026 15:19
dced4931-36ad-43ef-aaaf-f1793895203b,salmon.vin,available,8.99,59.99,high,low,6,namesilo,,,27/09/2026 03:51
ae6d5b8f-c753-4632-8307-b12f0dac453b,diagonally.vin,available,6.98,75.98,medium,low,10,namecheap,,,14/09/2026 12:34
30de25ce-45ed-4723-936a-66ff2652c711,nine.vin,available,8.99,59.99,high,low,4,namesilo,,,21/09/2026 13:23
1659bc91-9ed4-43c1-bcf7-97a94a8257d5,gaur.vin,available,8.99,59.99,medium,low,4,namesilo,,,23/09/2026 13:04
c9e1189e-7a51-4ff1-9159-f75ff3f88413,fitly.vin,available,6.98,75.98,medium,low,5,namecheap,,,13/09/2026 20:33
2dff8e46-81f1-47c8-84a0-f9567706e45d,antabuse.vin,available,8.99,59.99,medium,low,8,namesilo,,,19/09/2026 12:24
454da369-e4ef-4b34-afde-efdbf99eef65,trends.vin,available,6.98,75.98,high,low,6,namecheap,,,17/09/2026 19:12
54c64426-6cf4-4e03-996c-8e61dfd070eb,barque.vin,available,8.99,59.99,high,low,6,namesilo,,,22/09/2026 07:48
99ece5e3-77ef-427e-86ed-d47a2bceb1d6,carambola.vin,available,8.99,59.99,medium,low,9,namesilo,,,21/09/2026 09:14
f9d8a87f-452c-491a-b9cd-4b67e50121b8,barite.vin,available,8.99,59.99,medium,low,6,namesilo,,,22/09/2026 06:13
d75d6fc8-0c97-43be-894d-ae1df6874091,aisle.vin,available,8.99,59.99,high,low,5,namesilo,,,17/09/2026 23:28
741817d0-fa2d-47a3-b337-1ca8b83e486f,ride.vin,available,11.99,,high,low,4,name.com,,,
9ab57be3-186a-420b-a5a1-eb2b4bdafaeb,awing.vin,available,6.98,75.98,medium,low,5,namecheap,,,08/08/2026 00:34
a79245b4-1a7c-4ad6-b0fa-3acaedd97cc4,shortcuts.vin,available,6.98,75.98,medium,medium,10,namecheap,,,18/09/2026 08:11
ed5dc299-e648-416f-9668-d8770bf35317,bast.vin,available,8.99,59.99,medium,low,4,namesilo,,,22/09/2026 12:38
48176960-efc8-4cc7-abad-ad41b79b892d,signs.vin,available,8.99,59.99,high,low,5,namesilo,,,17/09/2026 04:39
3fc89f85-a1a7-496b-a180-ccb6250d6f12,menial.vin,available,6.98,75.98,medium,low,6,namecheap,,,24/08/2026 20:12
4f4cc327-6c7e-41ea-a541-8b53819f961a,ballot.vin,available,8.99,59.99,high,low,6,namesilo,,,21/09/2026 23:15
25a3a496-7b2a-4da1-99ed-a682fb7c85af,interact.vin,available,11.99,,high,low,8,name.com,,,
dc4b5266-24b9-4f95-9db2-1123bca4f72e,clearly.vin,available,11.99,,high,low,7,name.com,,,
45293729-e8a4-41ff-9ead-f2b37059961e,woven.vin,available,11.99,,high,low,5,name.com,,,
c28c329a-c581-4d01-9c0c-74b8f99db58b,agouti.vin,available,6.98,75.98,medium,low,6,namecheap,,,17/09/2026 19:07
4b815bdb-a7e9-4c46-8eff-62d772243db7,picnic.vin,available,6.98,75.98,high,low,6,namecheap,,,24/09/2026 14:34
f3cf6366-1275-4411-9d89-4fdb29f55b46,outlaw.vin,available,6.98,75.98,high,low,6,namecheap,,,24/09/2026 01:45
2299e9d4-9e16-4e58-9c16-10450abfa281,expose.vin,available,11.99,,high,low,6,name.com,,,
e1b527f4-d63a-41a0-8364-596080a0aa3e,generals.vin,available,6.98,75.98,medium,low,8,namecheap,,,18/09/2026 06:44
7f267e89-b975-408d-ba2d-fed631064b70,sunup.vin,available,6.98,75.98,high,low,5,namecheap,,,11/09/2026 02:09
e91ff6a9-e781-421c-92b7-dfb0a9c1415d,philia.vin,available,8.99,59.99,high,low,6,namesilo,,,17/09/2026 14:21
e79ab7a3-ba5b-4432-abf5-2dd13420309c,nee.vin,available,6.98,75.98,medium,low,3,namecheap,,,03/09/2026 14:47
ef6ca25a-f80d-4e5c-8f97-7af734130d4e,soup.vin,available,11.99,,high,low,4,name.com,,,
170e0f7c-c4ef-4273-ad47-ee9e2ab4cf7d,cynthia.vin,available,6.98,75.98,high,low,7,namecheap,,,20/09/2026 10:13
74bbd078-8219-46fd-aef2-c7db08456753,jointly.vin,available,11.99,,high,low,7,name.com,,,
9eee16ba-ac07-4b54-82e8-c02a5367d10b,midi.vin,premium,242,242,high,low,4,namesilo,,,24/08/2026 22:34
f32c903a-9298-40f6-92e7-50ea10ab9201,exorbitant.vin,available,6.98,75.98,medium,low,10,namecheap,,,17/08/2026 17:36
f77788fe-3b1b-4753-acb6-c3687b679013,bismarck.vin,available,8.99,59.99,high,low,8,namesilo,,,23/09/2026 22:03
ae4643bc-b80e-41b9-a6a5-8d5dab30ebe4,disheveled.vin,available,6.98,75.98,medium,low,10,namecheap,,,14/08/2026 10:56
cffb64ab-9c7a-41d9-ba30-be3caeeffe40,soda.vin,available,6.98,75.98,high,low,4,namecheap,,,25/09/2026 10:32
f38bedee-65d9-4ac0-acc0-7a38357ff492,actuality.vin,available,8.99,59.99,high,low,9,namesilo,,,17/09/2026 05:19
1eed8e31-5730-408d-b14a-adfe55e3aa2b,rollover.vin,available,6.98,75.98,high,low,9,namecheap,,,16/09/2026 17:22
4f973433-4a06-41d1-861d-3de4bc483f41,sites.vin,available,6.98,75.98,high,low,5,namecheap,,,18/09/2026 21:00
c9f3cf48-1c9c-4e0a-aef8-7039fe47f79c,flushed.vin,available,6.98,75.98,high,low,7,namecheap,,,18/08/2026 09:26
bc96baac-3ea1-4298-b3fe-afe5a1ba036c,comedo.vin,available,8.99,59.99,medium,low,6,namesilo,,,24/09/2026 02:47
9c91dee1-f511-4d16-a31d-777d20246700,roan.vin,available,6.98,75.98,high,low,4,namecheap,,,09/09/2026 18:08
dc2bbc54-f10b-4a4d-8f8c-233b76f0246a,anomic.vin,available,6.98,75.98,medium,low,6,namecheap,,,
feaffaf3-ed2b-455c-990f-af54acaa5034,meredith.vin,available,8.99,59.99,high,low,8,namesilo,,,25/09/2026 06:29
757fa440-e61a-468d-9dd4-7eec729d0590,assumption.vin,available,8.99,59.99,high,low,10,namesilo,,,20/09/2026 16:39
5edfa1b5-079f-4dc2-80f5-1b837d4a0ddc,tyson.vin,available,8.99,59.99,high,low,5,namesilo,,,25/09/2026 23:42
23dcf2d2-9c71-4606-9dac-5ea2a880e704,seraphic.vin,available,6.98,75.98,high,low,8,namecheap,,,12/08/2026 04:26
5f5ddaa4-1887-4e24-9242-ad43e0c6b3fe,visitor.vin,available,11.99,,high,low,7,name.com,,,
174c7309-457f-4712-807b-e48cef648e58,differed.vin,available,8.99,59.99,medium,low,8,namesilo,,,20/09/2026 05:03
77f8a1ca-9b81-46cd-b53d-a4648e22bc46,genoese.vin,available,6.98,75.98,high,low,7,namecheap,,,18/08/2026 21:48
a672369c-4f62-45c3-8f63-c222c8dd104a,melissa.vin,available,6.98,75.98,high,low,7,namecheap,,,27/09/2026 04:11
2988d5cc-cba9-41d4-b1d7-0ff23589f0f0,aku.vin,available,8.99,59.99,high,low,3,namesilo,,,18/09/2026 00:16
ff3e8b11-54a0-4a50-83ca-e279a89eaa64,manzanita.vin,available,8.99,59.99,medium,low,9,namesilo,,,20/09/2026 01:04
c55e5afa-5686-47fc-a31f-d580ccd93ace,abdias.vin,available,8.99,59.99,medium,low,6,namesilo,,,16/09/2026 14:41
a4de91df-c3ea-47d3-8f40-da9d7623b8a3,diagram.vin,available,8.99,59.99,high,low,7,namesilo,,,24/09/2026 22:08
47417b33-687e-42d1-982d-f5ac0d9b0156,westminster.vin,available,11.99,,high,low,11,name.com,,,
62fc55fc-0869-4ac9-ba03-f92553816aee,internationally.vin,available,11.99,,medium,low,15,name.com,,,
d3fd94d6-1b23-45be-b3bc-371e351932cb,dighted.vin,available,6.98,75.98,low,low,7,namecheap,,,14/08/2026 07:17
f431a5c3-d525-4d8d-957b-807939cad6ef,darnel.vin,available,6.98,75.98,medium,low,6,namecheap,,,22/09/2026 21:10
5d2d7bf3-5d62-44d0-8032-03ee5327f20e,arming.vin,available,8.99,59.99,high,low,6,namesilo,,,20/09/2026 07:11
01b675d7-7db1-4477-8a7b-bb41592639a1,honegger.vin,available,8.99,59.99,high,low,8,namesilo,,,20/09/2026 10:55
c986324d-0524-4402-b2a4-ad9f7028f76f,constancy.vin,available,8.99,59.99,high,low,9,namesilo,,,24/09/2026 17:32
d9b40108-0c64-44b6-ae8c-c4eec19abb9c,highlighting.vin,available,11.99,,high,low,12,name.com,,,
4e8a5e0e-c3c2-40f1-a392-42183561c0a3,collapses.vin,available,8.99,59.99,low,low,9,namesilo,,,20/09/2026 09:36
78850472-c242-489e-b952-8fe2e15aa65c,extraordinary.vin,available,11.99,,high,low,13,name.com,,,
d127dfa4-ff41-43e4-b5be-556ea6ba8da9,yeast.vin,available,8.99,59.99,high,low,5,namesilo,,,22/09/2026 06:34
e302069f-c88d-43f5-976c-acf94c1d63e1,immutable.vin,available,6.98,75.98,high,low,9,namecheap,,,12/08/2026 01:57
ebe5cc60-abae-481b-ae88-8b50b7d044d2,heated.vin,available,6.98,75.98,high,low,6,namecheap,,,21/08/2026 02:17
6cbb0a55-042f-4b5b-b2a7-3bf107f09933,lounge.vin,available,6.98,75.98,high,low,6,namecheap,,,11/09/2026 08:25
00b287c3-0e55-4b1b-bd8f-15506843f3f7,wiry.vin,available,6.98,75.98,medium,low,4,namecheap,,,10/09/2026 22:42
196b0696-37ee-42e7-974a-c02bc969c8af,amor.vin,available,8.99,59.99,high,low,4,namesilo,,,18/09/2026 22:37
806eb41d-3aaf-4cc9-bf9a-0e09279e8e97,comely.vin,available,6.98,75.98,medium,low,6,namecheap,,,09/08/2026 06:13
d25bdf8e-bb49-4f38-a028-86283c6d5e4d,thinks.vin,available,8.99,59.99,high,low,6,namesilo,,,18/09/2026 15:23
d3fd0e8a-cf20-4511-9160-f3aea1c234dc,apostolic.vin,available,6.98,75.98,medium,low,9,namecheap,,,06/08/2026 04:04
98501404-c787-40ae-b58d-5ec134c54552,squarish.vin,available,6.98,75.98,medium,low,8,namecheap,,,10/09/2026 17:29
0554bb93-bbb1-4329-8057-057f8ef0bb01,indocile.vin,available,6.98,75.98,medium,low,8,namecheap,,,22/08/2026 03:18
1e515dff-eb75-4123-90ac-0893ac005971,generative.vin,available,6.98,75.98,high,low,10,namecheap,,,18/08/2026 21:24
9f40f392-174e-4ece-9436-29e912c58a22,alloyed.vin,available,6.98,75.98,high,low,7,namecheap,,,
7c2399a5-1464-46ea-98c8-7e92c5592317,organizing.vin,available,8.99,59.99,high,low,10,namesilo,,,18/09/2026 13:01
9a6287de-049b-44a7-911a-5d72fc211076,disused.vin,available,6.98,75.98,medium,low,7,namecheap,,,14/08/2026 13:28
17cf1fbe-4f54-4917-8b10-73a3188d068f,maidens.vin,available,11.99,,high,low,7,name.com,,,
f19c0a98-826b-4805-9816-16d4190ba391,laying.vin,available,8.99,59.99,high,low,6,namesilo,,,25/09/2026 22:34
1c49b0e8-6511-46c0-bb9d-2984865e1849,forthright.vin,available,6.98,75.98,high,low,10,namecheap,,,11/08/2026 16:42
c641bcd3-13a7-484c-9919-8dd665e1547b,cairo.vin,available,11.99,,high,low,5,name.com,,,
0b7c404f-2fb8-4a15-9260-0461350fcf3c,anus.vin,available,8.99,59.99,medium,low,4,namesilo,,,19/09/2026 15:56
31b7d950-ff60-42ac-b16f-34780b39b7e9,country.vin,available,11.99,,high,low,7,name.com,,,
fbf23eef-88b8-496e-8516-5f490106ad8f,petite.vin,available,6.98,75.98,medium,low,6,namecheap,,,08/08/2026 14:24
f39cd109-f880-4e86-bdf6-a5d8437bc096,baldy.vin,available,8.99,59.99,high,low,5,namesilo,,,21/09/2026 21:43
2cef0963-524f-4ae3-80e3-f22c8b728ce2,indignant.vin,available,6.98,75.98,medium,low,9,namecheap,,,22/08/2026 00:59
89e2ee07-bcab-4254-a64e-5ca76c3e473c,temperate.vin,available,6.98,75.98,high,low,9,namecheap,,,11/09/2026 10:48
6e9167b4-e0a8-4b21-bca9-73e37d763ddb,warlike.vin,available,6.98,75.98,medium,low,7,namecheap,,,21/08/2026 01:40
1299be83-5bee-43ee-b3f0-c5016d69d871,deadlines.vin,available,8.99,59.99,medium,low,9,namesilo,,,21/09/2026 08:50
38736632-7e4e-48b6-94ce-9add8cd940df,slimy.vin,available,6.98,75.98,medium,low,5,namecheap,,,14/08/2026 04:03
30e0c69c-5310-42aa-ac53-b0aacb4d4587,buying.vin,available,11.99,,high,low,6,name.com,,,
c445ccb0-e9e9-4fe6-9f29-004337dceeee,ovens.vin,available,6.98,75.98,medium,low,5,namecheap,,,20/09/2026 10:00
6eca4b51-1d75-4ab3-835d-c51cf8104d3d,boisterous.vin,available,6.98,75.98,high,low,10,namecheap,,,10/08/2026 17:38
373deb4d-1fd5-4f45-a6a0-17297825c5de,jagged.vin,available,6.98,75.98,medium,low,6,namecheap,,,17/08/2026 12:32
278eadd6-ece2-4b98-b679-dda7aec07204,screwball.vin,available,6.98,75.98,medium,low,9,namecheap,,,20/08/2026 22:30
c14a282b-c357-4943-98df-1a593b3fc2d7,ingenuity.vin,available,8.99,59.99,high,low,9,namesilo,,,24/09/2026 15:35
8371d3bf-881c-4a67-845f-ffdf48b0c462,context.vin,available,11.99,,high,medium,7,name.com,,,
be4fbb56-a78d-4765-b756-21742671ab0b,banff.vin,available,8.99,59.99,high,low,5,namesilo,,,22/09/2026 01:44
f923abdc-f109-4700-b8c1-6dd364965846,benzoate.vin,available,6.98,75.98,high,low,8,namecheap,,,23/09/2026 08:56
3334fa50-9464-4326-9c57-1e27de15d8e2,dewy.vin,available,6.98,75.98,high,low,4,namecheap,,,09/08/2026 06:51
57e93d09-a3e2-40aa-972b-e51887937f1e,feeling.vin,available,11.99,,high,low,7,name.com,,,
615312c9-e58a-496d-b831-11060c560191,bermudian.vin,available,6.98,75.98,medium,low,9,namecheap,,,09/08/2026 15:15
3964f7b1-2412-4ab8-b769-c045f5adafd1,applicator.vin,available,8.99,59.99,medium,low,10,namesilo,,,19/09/2026 21:55
bad27a4e-cc2b-4426-bcd6-d92626088b96,bowen.vin,available,8.99,59.99,high,low,5,namesilo,,,25/09/2026 12:42
c59dcfb0-b542-4abb-b24f-0fc1a4e12c19,ersatz.vin,available,6.98,75.98,medium,low,6,namecheap,,,17/08/2026 13:03
9325fa79-2f75-449e-9c4c-d988e95edb9f,straighten.vin,available,6.98,75.98,high,low,10,namecheap,,,11/09/2026 15:43
ba327812-84fe-459a-a671-ed5e92eea3c2,ruckle.vin,available,6.98,75.98,medium,low,6,namecheap,,,13/08/2026 07:12
4fe8f7e8-328d-4fea-96e6-099139051200,terrible.vin,available,8.99,59.99,high,low,8,namesilo,,,22/09/2026 15:19
36e766d2-74db-4432-95c5-6cd07a2a1578,petrous.vin,available,6.98,75.98,medium,low,7,namecheap,,,08/09/2026 18:24
0c736191-62eb-4333-bd34-9079d58109fe,heretofore.vin,available,6.98,75.98,medium,low,10,namecheap,,,13/09/2026 21:50
a59dddd0-ed86-4ca2-a9f8-0b281dbebf0f,thief.vin,available,11.99,,high,low,5,name.com,,,
17baaa9f-f9fd-41c6-b223-1d0cdf659276,bonfires.vin,available,8.99,59.99,medium,low,8,namesilo,,,20/09/2026 12:29
5528899c-04c8-4fde-8b3e-5f3642676060,yoruba.vin,available,6.98,75.98,high,low,6,namecheap,,,18/09/2026 00:15
b1c2973c-6740-4b4a-8b1f-79a7937180a1,gum.vin,available,8.99,59.99,high,low,3,namesilo,,,24/09/2026 14:25
0d438e3a-cf69-494d-a03e-039862ededd2,ceo.vin,available,6.98,75.98,high,low,3,namecheap,,,24/09/2026 13:36
4a9cfc35-7955-47d9-8b26-69b7347af2a9,olibanum.vin,available,8.99,59.99,high,low,8,namesilo,,,16/09/2026 09:03
38888c3d-9eb3-4845-8c4d-3cfe492962d2,aglaia.vin,available,11.99,77.99,medium,low,6,name.com,,,17/09/2026 18:17
91a1d509-aee9-4ddc-a1fc-a70f5181743a,depraved.vin,available,6.98,75.98,medium,low,8,namecheap,,,14/08/2026 02:29
e746ac9c-32e2-4c75-afed-a81496fa1c2b,charivari.vin,available,8.99,59.99,medium,low,9,namesilo,,,23/09/2026 06:08
936bbeca-349c-4720-9878-5c396cf9dd5e,nocent.vin,available,6.98,75.98,medium,low,6,namecheap,,,03/09/2026 18:02
7cdaeded-7a74-449a-b98c-e76dd44937f5,bargaining.vin,available,6.98,75.98,high,low,10,namecheap,,,22/09/2026 05:36
3e434de7-2764-4254-b27f-7cbe9f61e89b,vivaldi.vin,available,8.99,59.99,medium,low,7,namesilo,,,19/09/2026 15:40
1d1f5928-acf8-444b-a4cc-4773164e1ca2,aluminium.vin,available,8.99,59.99,high,low,9,namesilo,,,18/09/2026 00:20
4f99c9e9-1d91-4601-ab6e-3e5f459eb9cb,encomium.vin,available,6.98,75.98,high,low,8,namecheap,,,05/09/2026 00:40
86792c47-e4de-46aa-a66a-92681424e692,powered.vin,available,11.99,,high,low,7,name.com,,,
cffc6cac-402a-4035-b9f5-91b2847cea99,abrasive.vin,available,6.98,75.98,high,low,8,namecheap,,,
e2dffb99-3169-40ed-b924-3615cf29be11,airlift.vin,available,8.99,59.99,high,low,7,namesilo,,,17/09/2026 23:13
4b1af3ab-ba84-4ce4-ab1e-70a8fe83e24b,polemist.vin,available,6.98,75.98,medium,low,8,namecheap,,,08/09/2026 22:57
77bb4ae5-6d75-4edd-a40d-9bb4404ca180,pean.vin,available,6.98,75.98,medium,low,4,namecheap,,,05/09/2026 00:47
e2bc9ef1-47e0-4027-9b77-17f767789989,quits.vin,available,6.98,75.98,high,low,5,namecheap,,,09/09/2026 09:02
909faff5-d0a7-40c6-838f-53fc477689fc,spread.vin,available,6.98,75.98,high,low,6,namecheap,,,23/09/2026 15:42
0c843ede-f86a-411b-baf9-efdf5cd9bc71,weirdly.vin,available,8.99,59.99,medium,low,7,namesilo,,,16/09/2026 11:23
647ff40c-97f1-4ad5-96c7-2cc34d654e52,potential.vin,available,11.99,,high,low,9,name.com,,,
d4d52457-b17c-4584-ac43-30456ecf2a35,bread.vin,available,6.98,75.98,high,low,5,namecheap,,,08/09/2026 03:15
9f436703-2c5c-45b8-bae6-d95aef633fd6,brad.vin,available,11.99,77.99,high,low,4,name.com,,,24/09/2026 07:52
47f93dcf-d74f-4636-b7ce-e830bf687fac,cosmogenic.vin,available,6.98,75.98,medium,low,10,namecheap,,,13/08/2026 03:00
cf59b32e-33d8-469a-b16d-83b6a5349ecf,lambent.vin,available,6.98,75.98,high,low,7,namecheap,,,
c85a60f9-231f-4666-b986-106a7f0c3239,catenate.vin,available,6.98,75.98,high,low,8,namecheap,,,11/08/2026 21:39
44d3d07b-b192-4c67-bfc0-bf5610ba1cab,bce.vin,available,11.99,,high,low,3,name.com,,,
83f0bb9b-62cc-4417-abc6-3c4c7c513397,expression.vin,available,11.99,,high,low,10,name.com,,,
91c4122f-96c9-449c-98b4-439bcee2db17,traction.vin,available,11.99,,high,low,8,name.com,,,
7c642b5f-217e-4c7e-8d37-2a8181836e1d,loverly.vin,available,6.98,75.98,medium,low,7,namecheap,,,24/08/2026 10:16
6306c3a2-08c3-4f8c-91fa-8b412e4ccb01,chairman.vin,available,11.99,,high,low,8,name.com,,,
70a3007d-8f13-42cc-aeaf-77bbe3e6ab96,hereabout.vin,available,6.98,75.98,medium,low,9,namecheap,,,15/09/2026 00:18
41cc7075-492c-4569-a3a5-c5a7e5420b7b,rubber.vin,available,11.99,,high,low,6,name.com,,,
2c28c6f0-aec9-49c9-b474-d309180468e7,acetum.vin,available,8.99,59.99,high,low,6,namesilo,,,17/09/2026 00:18
33876b99-87f4-4352-b4e7-7bb9d9d054f7,corresponding.vin,available,11.99,,high,low,13,name.com,,,
a303b86a-bb7b-4aa4-a6d5-3f8795346acb,thing.vin,available,11.99,,high,low,5,name.com,,,
d12544dd-789a-4fe3-a9e7-44276a156e08,vie.vin,premium,242,242,high,low,3,namesilo,,,
8a131b9d-547e-4584-ab05-457280330bae,yogic.vin,available,6.98,75.98,medium,low,5,namecheap,,,13/09/2026 14:41
738d8e59-00b7-4237-a6c5-963ef322af46,armchair.vin,available,6.98,75.98,high,low,8,namecheap,,,20/09/2026 06:33
c1f67bcf-f6b2-4f35-9410-48153d74cb22,auspex.vin,available,6.98,75.98,medium,low,6,namecheap,,,21/09/2026 03:22
0137892c-99e3-42bf-913e-e6b3ef666c74,galangal.vin,available,8.99,59.99,medium,low,8,namesilo,,,18/09/2026 14:03
3e374e18-e9b4-4d88-bc50-9c32bea85e69,corona.vin,available,,,high,medium,6,,,,
4b71b5ff-ad28-4c7c-a67f-4c78e7a1b2a2,inscribe.vin,available,8.99,59.99,high,low,8,namesilo,,,21/09/2026 06:39
369f60b2-370b-4cb9-b21d-b68d22236010,witless.vin,available,6.98,75.98,medium,low,7,namecheap,,,03/09/2026 17:49
4c2348a8-61b9-4abf-b928-14290b6f3fce,wellington.vin,premium,242,242,high,low,10,namesilo,,,20/09/2026 11:08
ca6776e3-8be9-45a9-8cae-98fbafc2efee,jerking.vin,available,6.98,75.98,high,low,7,namecheap,,,06/08/2026 21:58
1274cce4-a302-4be6-b1e4-83a909bdf465,acetate.vin,available,8.99,59.99,high,low,7,namesilo,,,17/09/2026 00:03
d5ad03d7-8dee-4352-ad09-040a26e6e552,sea.vin,available,11.99,,high,low,3,name.com,,,
f2259174-c1a1-4f8a-bf17-ee116e98e5ee,troubles.vin,available,8.99,59.99,medium,low,8,namesilo,,,27/09/2026 02:38
5ff2fdda-a04d-4334-a536-532f28663492,throughout.vin,available,6.98,75.98,high,low,10,namecheap,,,17/08/2026 00:49
c495894f-0927-49b0-9088-9f93538b2cf3,blate.vin,available,6.98,75.98,medium,low,5,namecheap,,,10/08/2026 13:35
7c823153-d5c1-43a0-846c-e86b7104f491,discourse.vin,available,8.99,59.99,high,low,9,namesilo,,,23/09/2026 22:52
6348f999-4530-4c69-9c58-3245f9a0e127,discarded.vin,available,6.98,75.98,medium,low,9,namecheap,,,11/08/2026 20:21
fff19a23-e91e-4030-b323-31174b672bda,cloaked.vin,available,6.98,75.98,high,low,7,namecheap,,,12/08/2026 11:28
e54534cc-3ca2-4f45-8b89-bd9253872b85,families.vin,available,11.99,,medium,low,8,name.com,,,
2aae6802-39be-4b8d-aada-ce9758b55ca1,concordant.vin,available,6.98,75.98,high,low,10,namecheap,,,12/08/2026 20:16
99cadb75-44ba-4bc7-8083-d0edeb50a561,wagons.vin,available,6.98,75.98,medium,low,6,namecheap,,,19/09/2026 20:22
e3f16f7d-6e96-42ad-b864-836bdf26ac72,fleshy.vin,available,6.98,75.98,medium,low,6,namecheap,,,18/08/2026 08:02
96ad08fe-f047-4a7d-9bdf-5616e5643335,current.vin,available,6.98,75.98,high,low,7,namecheap,,,13/08/2026 11:26
801946b4-4b17-4f0b-bff2-435a94468e9e,sculpted.vin,available,6.98,75.98,high,low,8,namecheap,,,20/08/2026 18:50
0d085781-7bd2-487f-9dfb-229751b88518,squashed.vin,available,6.98,75.98,medium,low,8,namecheap,,,10/09/2026 17:31
7cd446d1-6029-46c6-9074-843d7129ab28,granular.vin,available,6.98,75.98,medium,low,8,namecheap,,,12/08/2026 06:52
9af31d91-3e1d-4ed6-9893-1547a706645e,inky.vin,available,6.98,75.98,high,low,4,namecheap,,,22/08/2026 05:42
2d9a5b16-c0ee-436d-8110-4c38ac55bfc9,hemp.vin,available,6.98,75.98,high,low,4,namecheap,,,24/09/2026 12:04
b0a51132-bc2c-413b-a4fc-54eb7ef1b20b,rig.vin,available,8.99,59.99,high,low,3,namesilo,,,20/09/2026 11:18
182d4c9f-4603-4d16-9343-afb5103251f8,buttercup.vin,available,8.99,59.99,high,low,9,namesilo,,,24/09/2026 11:18
32c8b810-64dc-4b41-8664-957afe1c6a15,dulcet.vin,available,6.98,75.98,high,low,6,namecheap,,,14/08/2026 20:59
f4e5d823-22ef-4bbf-bf6b-12c27dbf97e6,attained.vin,available,6.98,75.98,high,low,8,namecheap,,,07/08/2026 15:07
cd53ec48-07eb-4295-8348-dfee84c86671,distance.vin,available,11.99,,high,low,8,name.com,,,
0734718e-3373-4553-a53c-e252418e3591,scorn.vin,available,8.99,59.99,medium,low,5,namesilo,,,24/09/2026 17:41
233f6630-ea46-4474-937c-bd9fdeec62be,charity.vin,available,8.99,59.99,high,low,7,namesilo,,,24/09/2026 10:51
cc71ebb9-1bf3-48de-ba6a-a62ee90bad6f,bohemian.vin,premium,118.8,118.8,high,low,8,namesilo,,,10/08/2026 17:19
1b95642f-8457-49bb-81cf-42bfabc7d36a,sinusoidal.vin,available,6.98,75.98,high,low,10,namecheap,,,10/09/2026 08:42
64747748-93a3-4128-97dc-d96d66ceb420,advocator.vin,available,8.99,59.99,medium,low,9,namesilo,,,17/09/2026 11:45
c4ff15b9-26c7-4d5b-a5e6-437f81cbb17a,drumhead.vin,available,6.98,75.98,medium,low,8,namecheap,,,14/08/2026 20:15
bce080e1-3306-40b6-9a35-eb6b653bdaca,tectonics.vin,available,6.98,75.98,medium,low,9,namecheap,,,20/09/2026 02:14
375c081a-4849-4333-886a-dd3b3f6581b5,snack.vin,available,8.99,59.99,high,low,5,namesilo,,,23/09/2026 08:31
c71de9bb-af81-4f2a-9fa3-4dc3117504a8,lurid.vin,available,6.98,75.98,medium,low,5,namecheap,,,24/08/2026 11:42
4b839a40-db4a-444d-9c7b-2a5f61c53708,avens.vin,available,8.99,59.99,medium,low,5,namesilo,,,21/09/2026 09:03
6e3f905d-c299-46de-b4bd-eec85406bc3b,vociferous.vin,available,6.98,75.98,medium,low,10,namecheap,,,12/08/2026 09:21
6a7209c7-1cd6-4100-8f4c-78172353b82f,awkward.vin,available,8.99,59.99,high,low,7,namesilo,,,22/09/2026 15:31
b5777144-8e53-4836-8544-398e32a749f0,caracas.vin,available,11.99,,high,low,7,name.com,,,
568ff523-a1d3-441e-ae23-5d8f44894932,quiescent.vin,available,6.98,75.98,medium,low,9,namecheap,,,09/09/2026 08:47
b49f2ba0-1b1a-4b2f-b23d-a99bfefd61e4,watkins.vin,available,8.99,59.99,high,low,7,namesilo,,,25/09/2026 15:58
6e6548a7-0a22-4cc1-b5a6-e94716546801,discount.vin,premium,500,,high,low,8,name.com,,,
72c3acbf-76ce-42ef-9a78-08822d5e3c88,dumbstruck.vin,available,6.98,75.98,medium,low,10,namecheap,,,14/08/2026 21:06
f0539dee-617f-433c-8ecd-97fe6e211c41,calcium.vin,available,6.98,75.98,high,low,7,namecheap,,,20/09/2026 22:32
5dac5a8c-ed9e-4a27-9121-ebf5a2f4f137,procure.vin,available,6.98,75.98,high,low,7,namecheap,,,10/09/2026 01:32
0278c4c1-8aaf-4842-89bf-4566df8be2ac,titled.vin,available,6.98,75.98,high,low,6,namecheap,,,13/08/2026 01:50
35253aaa-6253-4826-b01e-1c7daffab4f7,script.vin,available,6.98,75.98,high,low,6,namecheap,,,08/09/2026 13:57
94e7216a-eaa0-449c-a9a7-e2f5e1f9636d,bipartisan.vin,available,6.98,75.98,high,low,10,namecheap,,,10/08/2026 04:32
101672d8-2b98-4c68-842b-332eb96df0e9,fickle.vin,available,6.98,75.98,medium,low,6,namecheap,,,17/08/2026 12:48
bd717a92-7b1f-46b1-849c-fdebb83f3822,adiposity.vin,available,8.99,59.99,medium,low,9,namesilo,,,17/09/2026 08:19
10cbeb4a-e1d0-409a-9c48-30b1885ac016,landlocked.vin,available,6.98,75.98,medium,low,10,namecheap,,,22/08/2026 19:26
c23b4371-af5e-4944-beed-23a701b6881b,update.vin,available,11.99,,high,low,7,name.com,,,
5b12e9eb-fced-44f9-b4bf-ebcc2ad6217b,unedited.vin,available,6.98,75.98,medium,low,8,namecheap,,,12/09/2026 08:51
9ddcbc26-fce4-46b0-a309-131cbf0440d1,tycoons.vin,available,6.98,75.98,medium,low,7,namecheap,,,19/09/2026 22:53
673f0ba8-94eb-4ef0-91d8-d60bdd4ee542,morton.vin,available,6.98,75.98,high,low,6,namecheap,,,25/09/2026 05:58
078988c2-434b-4008-8027-a10c7b191dcb,yon.vin,available,6.98,75.98,medium,low,3,namecheap,,,13/09/2026 14:47
d26eb25a-9250-4fa0-93f2-5ae6efbc9056,preferent.vin,available,6.98,75.98,medium,low,9,namecheap,,,09/08/2026 17:55
38e8d951-a585-4dff-9cc5-ec7269c69365,berne.vin,available,6.98,75.98,medium,low,5,namecheap,,,23/09/2026 09:45
b50affc2-6073-4d4d-b2a9-c9e25fbd9d51,reveal.vin,available,11.99,,high,low,6,name.com,,,
7505e822-7671-46ae-a836-4d4685aec469,treating.vin,available,6.98,75.98,high,low,8,namecheap,,,23/09/2026 18:53
65895241-0d86-41f5-b45d-65a34f63793a,ebonics.vin,available,8.99,59.99,medium,low,7,namesilo,,,16/09/2026 13:39
fd9233d3-9d8b-40e6-996f-ec316dbfa4b8,imperial.vin,premium,118.8,118.8,high,low,8,namesilo,,,21/08/2026 22:11
14343c57-5bab-41b1-a457-bccbd95cae22,stalked.vin,available,6.98,75.98,medium,low,7,namecheap,,,08/09/2026 13:33
59290765-d393-4c1b-9315-7d6c4f3d5a8e,nonunion.vin,available,6.98,75.98,medium,low,8,namecheap,,,03/09/2026 20:58
8d93af47-d6ba-40da-8a73-1aceaec572c1,mistakenly.vin,available,6.98,75.98,medium,low,10,namecheap,,,14/09/2026 16:00
59738d18-d99a-4107-b276-618ebab97055,antiquary.vin,available,6.98,75.98,medium,low,9,namecheap,,,
c6b9989c-840d-4e34-8072-933ed768c826,czech.vin,available,11.99,77.99,high,low,5,name.com,,,13/08/2026 15:01
4d71a035-c807-441f-8044-496078529f60,additional.vin,available,8.99,59.99,high,low,10,namesilo,,,21/09/2026 17:14
b2c8f0f6-3df9-408a-a8e3-ef380c70a86c,nonviolent.vin,available,6.98,75.98,high,low,10,namecheap,,,03/09/2026 21:04
bc5bab80-8913-423d-af08-abd24a9509c9,germinal.vin,available,6.98,75.98,medium,low,8,namecheap,,,18/08/2026 22:49
904ea3ac-adbf-4ff4-a7e6-213d732882ce,tomboyish.vin,available,6.98,75.98,high,low,9,namecheap,,,21/08/2026 14:32
38767b6c-06f3-4774-8b65-2f3ffa38f9b7,anniversary.vin,available,11.99,,high,low,11,name.com,,,
fb88f10e-4faf-4c27-8ede-c22da20e3664,flexuous.vin,available,6.98,75.98,medium,low,8,namecheap,,,18/08/2026 08:08
8ccf3681-f525-4e67-ba51-c918e39c4c23,vulgar.vin,available,6.98,75.98,high,low,6,namecheap,,,14/08/2026 22:44
38d44040-da4d-43bb-a09a-0bdd52f0c72d,upc.vin,available,11.99,,high,low,3,name.com,,,
ffee46fe-d94c-46b5-bd55-f7734bc5d621,gia.vin,available,8.99,59.99,high,low,3,namesilo,,,20/09/2026 06:34
a98ceba0-6a25-4787-9732-6512912963ce,windward.vin,available,6.98,75.98,high,low,8,namecheap,,,13/09/2026 12:22
7e25affd-3c98-454a-84c9-f598b231ef69,tastefully.vin,available,8.99,59.99,high,low,10,namesilo,,,16/09/2026 07:59
c395fee0-5852-4d1d-993a-9ff6b313ac9a,polynesian.vin,available,6.98,75.98,high,low,10,namecheap,,,24/08/2026 13:48
6681da4d-d562-436c-92a2-fce2c6107bfd,petalous.vin,available,6.98,75.98,medium,low,8,namecheap,,,08/09/2026 18:15
fe747379-107e-4bcc-82fd-be70917af560,artfulness.vin,available,8.99,59.99,high,low,10,namesilo,,,20/09/2026 10:34
24d3831d-e2d9-4fa0-89f9-ba5afc7c6dee,occupier.vin,available,6.98,75.98,high,low,8,namecheap,,,09/09/2026 14:58
f570be32-748d-4d33-ab03-7ceba0442dff,hat.vin,available,8.99,59.99,high,low,3,namesilo,,,19/09/2026 16:21
acee5617-ee3d-4ff3-a6ae-539471728b71,balsam.vin,available,8.99,59.99,high,low,6,namesilo,,,22/09/2026 00:04
6eacd295-0ee4-46b4-a97c-e977711cecb4,riskily.vin,available,6.98,75.98,low,low,7,namecheap,,,15/09/2026 23:50
397f6089-ea0a-457f-b848-cf7b6f7d7864,apodemus.vin,available,6.98,75.98,medium,low,8,namecheap,,,19/09/2026 18:19
300bf0ef-7f7d-47fb-ac3d-b43415b4fb7f,icy.vin,available,6.98,75.98,medium,low,3,namecheap,,,18/08/2026 16:29
e741543e-684f-4ef6-a62f-45fd7e7043b5,marx.vin,available,6.98,75.98,high,low,4,namecheap,,,20/09/2026 11:00
55100209-deb6-45f6-a488-a089e27b4f29,compute.vin,available,6.98,75.98,high,low,7,namecheap,,,19/09/2026 14:03
fde88226-ad21-4ead-ae5a-0519c769e3cc,excitedly.vin,available,6.98,75.98,high,low,9,namecheap,,,14/09/2026 16:52
b1bc04a2-afbc-4922-a717-5c902ca3aa5d,mature.vin,available,6.98,75.98,high,low,6,namecheap,,,24/09/2026 19:39
d58dc7f0-ecf7-4975-82e9-cd80df48160c,horseback.vin,available,6.98,75.98,high,low,9,namecheap,,,21/09/2026 23:38
a54c47cf-1922-4dbc-9486-28c775bdb543,millenary.vin,available,6.98,75.98,medium,low,9,namecheap,,,24/08/2026 23:13
ffe40b0d-6f9e-4e18-a5c5-47148b6271da,sentences.vin,available,6.98,75.98,medium,low,9,namecheap,,,16/09/2026 20:11
2ede0680-0700-4131-8c63-e0b6e09e1d55,invertible.vin,available,6.98,75.98,high,low,10,namecheap,,,22/08/2026 09:00
dc56a3a0-7794-47fb-b567-b48267892a1e,famously.vin,available,6.98,75.98,high,low,8,namecheap,,,14/09/2026 16:46
10ee5e7f-37f8-4e8d-912c-85538f59fdd6,underwear.vin,available,11.99,,high,low,9,name.com,,,
95fdd3eb-ab29-4583-8c2f-a5784c7ada8a,farthest.vin,available,8.99,59.99,medium,low,8,namesilo,,,24/09/2026 17:05
a3dab15a-69a0-4f0e-9263-65594d618824,largo.vin,available,6.98,75.98,medium,low,5,namecheap,,,22/08/2026 19:59
3b202030-4357-4aa7-9ea3-5235b98d37cc,airway.vin,available,8.99,59.99,high,low,6,namesilo,,,17/09/2026 22:13
3589d2ea-8cb1-451c-ba10-122c2f719137,seljuk.vin,available,6.98,75.98,medium,low,6,namecheap,,,10/09/2026 02:15
51e7c6db-fac9-4a63-a070-d6136c68d3e8,troika.vin,available,,,high,low,6,,,,
b17e6f30-c76d-46f0-acc9-71f9bd11ffbd,terse.vin,available,6.98,75.98,medium,low,5,namecheap,,,22/08/2026 18:16
027f0bd7-c77b-4611-b9a2-41654a436773,manx.vin,available,6.98,75.98,high,low,4,namecheap,,,24/08/2026 15:32
0709f632-e85b-4fe2-a87c-776b91a49b28,dayspring.vin,available,6.98,75.98,high,low,9,namecheap,,,11/09/2026 02:07
f8ad8918-2e01-4354-bcfb-bdeac9ff4fd1,dispersed.vin,available,6.98,75.98,medium,low,9,namecheap,,,14/08/2026 11:56
84aeea41-dfee-4e77-90ae-f92533569203,masters.vin,available,11.99,,high,low,7,name.com,,,
97915ed1-7dce-486b-9b8e-9c905df7659d,artless.vin,available,6.98,75.98,medium,low,7,namecheap,,,06/08/2026 23:47
5a3d9bfd-c1f1-4425-8270-722f0c7ecebe,astral.vin,available,6.98,75.98,high,low,6,namecheap,,,07/08/2026 09:57
3e5f2680-0956-4f90-997b-773f000b52e0,cloaks.vin,available,8.99,59.99,medium,low,6,namesilo,,,17/09/2026 14:28
568bd58f-585b-4dd2-a387-3059eca5cdd5,joyless.vin,available,6.98,75.98,medium,low,7,namecheap,,,22/08/2026 14:04
f601ca15-891c-46f7-bb41-b396a2513afb,surreal.vin,available,6.98,75.98,high,low,7,namecheap,,,14/08/2026 18:46
2a2ef644-07c3-469b-b4f8-c61ac82042b5,repentant.vin,available,6.98,75.98,medium,low,9,namecheap,,,08/09/2026 14:32
39457ba7-a44c-493f-8cc1-ca394c11b76f,unburied.vin,available,6.98,75.98,medium,low,8,namecheap,,,12/09/2026 04:40
da89ff34-306a-4823-83d7-0c5f979c4fca,microwave.vin,available,11.99,,high,low,9,name.com,,,
6638f2b2-a1c2-4ee0-854c-d36fcb6907de,battle.vin,available,8.99,59.99,high,low,6,namesilo,,,22/09/2026 14:39
a03d874d-25d1-4f15-ba00-e1aa14018eac,alcides.vin,available,11.99,77.99,medium,low,7,name.com,,,18/09/2026 04:05
a4346c0f-7a88-493d-bf9d-aba462912eae,enchanted.vin,available,6.98,75.98,high,low,9,namecheap,,,16/08/2026 22:14
4ca13692-d06c-4a30-94a2-4333e4ff075c,restive.vin,available,6.98,75.98,medium,low,7,namecheap,,,15/08/2026 09:28
8ab7cc2e-7f4d-46ea-8e42-4393c5f4b331,sizzling.vin,available,6.98,75.98,high,low,8,namecheap,,,10/09/2026 09:17
68a4fa09-8021-41ae-80aa-601fbabdabba,concerned.vin,available,6.98,75.98,high,low,9,namecheap,,,23/09/2026 18:58
d47f8f02-a52f-444f-839d-d8f8468ecf1e,pouring.vin,available,6.98,75.98,high,low,7,namecheap,,,20/08/2026 21:01
2cb665ab-bfe7-4c1c-8417-647f81c0ee80,huffy.vin,available,6.98,75.98,medium,low,5,namecheap,,,21/08/2026 14:40
56dd3955-6de1-41be-855d-895f7b2a1b69,obtained.vin,available,11.99,,medium,low,8,name.com,,,
36ab8d2f-9cd5-46b9-9cbd-6cb04101b86b,lisa.vin,available,8.99,59.99,high,low,4,namesilo,,,25/09/2026 12:07
33f0926b-6ce6-49b2-bf2f-1d846407372d,fevered.vin,available,6.98,75.98,medium,low,7,namecheap,,,18/08/2026 03:07
22d470bc-0d12-4c8e-890d-067534dfee61,chamfer.vin,available,8.99,59.99,medium,low,7,namesilo,,,23/09/2026 12:00
d36486f4-d8d3-4a70-ab57-50e0fe8e8450,achiever.vin,available,11.99,,high,low,8,name.com,,,
6d258559-2c36-43d3-960c-cf12af7c19d5,sextet.vin,available,6.98,75.98,high,low,6,namecheap,,,
e74449b6-adec-4338-bb4b-f35d5d2ebcff,faithful.vin,available,8.99,59.99,high,low,8,namesilo,,,24/09/2026 16:23
9dfc4832-44bf-4809-961a-252a5778e414,astana.vin,available,8.99,59.99,medium,low,6,namesilo,,,18/09/2026 00:11
666cb791-1853-4d07-859c-18b567e9a3be,demeanor.vin,available,8.99,59.99,high,low,8,namesilo,,,24/09/2026 21:47
d96d34d4-428d-4ef2-a1cd-b04a47be388b,relevant.vin,available,6.98,75.98,high,low,8,namecheap,,,09/09/2026 13:33
ad3220ce-dcf5-4357-8b3b-13b2c4bca499,entangle.vin,available,6.98,75.98,high,low,8,namecheap,,,24/08/2026 16:54
95dc559a-5224-49b1-b896-104d3e100e12,minecraft.vin,available,,,high,high,9,,,,
51f7d120-df80-4622-9344-03f08682b650,library.vin,available,6.98,75.98,high,low,7,namecheap,,,23/09/2026 17:30
9b096b7f-e8a8-4703-ab74-766e12baef2c,abundantly.vin,available,11.99,,high,low,10,name.com,,,
760ff304-273f-466a-9ea8-717f86fc2352,badgering.vin,available,6.98,75.98,medium,low,9,namecheap,,,13/09/2026 13:19
1b28b094-7288-4877-aa4f-a9c35363fbc6,leaden.vin,available,6.98,75.98,medium,low,6,namecheap,,,22/08/2026 21:44
d3b860f2-6b01-421d-92fa-79283663e3bd,unipolar.vin,available,6.98,75.98,medium,low,8,namecheap,,,12/09/2026 13:46
70d1f0e9-91eb-4ae0-9390-6c5862d8b1f1,baltimore.vin,available,8.99,59.99,high,low,9,namesilo,,,22/09/2026 00:19
df0cff57-e1ac-461d-be5c-ea513c444045,aviation.vin,available,8.99,59.99,high,low,8,namesilo,,,17/09/2026 22:43
1ddcfbe6-e6a3-462c-914d-0745c0518964,empowered.vin,available,6.98,75.98,high,low,9,namecheap,,,16/08/2026 18:26
61a7caa7-c942-40df-ab27-ffcb5ffbd34c,absinthe.vin,available,,,high,low,8,,,,16/09/2026 17:47
04324619-1000-40b2-8ff7-8448ee36b177,outlet.vin,available,11.99,,high,low,6,name.com,,,
9714ee20-e4c4-4285-8de5-970081d07878,avicenna.vin,available,8.99,59.99,high,low,8,namesilo,,,16/09/2026 18:41
b8843465-f2a3-4efc-8eb7-a02b3ecf198b,belief.vin,available,8.99,59.99,high,low,6,namesilo,,,23/09/2026 05:12
8c9a1c02-c8f1-49d9-9d1c-4b5aa3867e71,active.vin,available,8.99,59.99,high,low,6,namesilo,,,24/09/2026 06:08
019cd207-3d7b-40ee-92c4-bdccc48fd232,employee.vin,available,8.99,59.99,high,low,8,namesilo,,,25/09/2026 05:30
6e5ef4f3-ea45-4d0a-984a-6b4039e95f21,ardeb.vin,available,8.99,59.99,medium,low,5,namesilo,,,20/09/2026 03:06
478cb327-c68a-4f38-83aa-28294cf158f0,veggies.vin,available,8.99,59.99,medium,low,7,namesilo,,,18/09/2026 15:41
c85f9725-74f5-4e67-a83a-7e11269204b4,deific.vin,available,6.98,75.98,medium,low,6,namecheap,,,14/08/2026 00:13
8997e422-d5f2-4d43-9c4c-e5cbe5afc54c,suggestions.vin,available,11.99,77.99,medium,low,11,name.com,,,17/09/2026 12:49
4f37a73d-0a47-4b57-a6f8-7feb17fc554d,whitehead.vin,available,8.99,59.99,high,low,9,namesilo,,,18/09/2026 06:40
c5b69888-1d21-4e1f-93f8-31c84f71e2a2,caudal.vin,available,6.98,75.98,high,low,6,namecheap,,,11/08/2026 22:22
ea01508a-f368-4d9f-99df-7ca39d064d56,blender.vin,available,8.99,59.99,high,low,7,namesilo,,,24/09/2026 05:44
494a5226-dc08-4052-8f72-7782e6758d25,audiogram.vin,available,8.99,59.99,medium,low,9,namesilo,,,21/09/2026 02:55
1d8a6738-bb55-409f-ad65-468aa593e30b,capt.vin,available,6.98,75.98,high,low,4,namecheap,,,25/09/2026 12:23
6d806852-f4f1-4607-b343-163f3eef3d5c,letters.vin,available,11.99,,high,low,7,name.com,,,
32776436-489d-41b9-8c6b-d5d7ed8d8ed6,fazed.vin,available,6.98,75.98,medium,low,5,namecheap,,,10/08/2026 21:00
746761b9-ba58-43cb-97d4-5c901ad5bfd4,nomadic.vin,available,6.98,75.98,high,low,7,namecheap,,,25/08/2026 02:19
52e347d3-5387-4059-b7bf-be4aa6c7647d,darkish.vin,available,11.99,77.99,medium,low,7,name.com,,,13/08/2026 18:14
d939181f-53e3-426a-9d70-3af9c4cbd244,bonny.vin,available,6.98,75.98,medium,low,5,namecheap,,,10/08/2026 18:45
ef06402f-8c3b-4ad3-b719-6db6c1f13bac,storyboards.vin,available,8.99,59.99,medium,low,11,namesilo,,,20/09/2026 14:39
7308b888-ff88-4a00-b4f5-555036121f85,belloc.vin,available,8.99,59.99,medium,low,6,namesilo,,,23/09/2026 06:16
ac6d1c94-3f6d-442d-9f59-94e925146dcc,cataphatic.vin,available,6.98,75.98,medium,low,10,namecheap,,,11/08/2026 21:04
afdeda65-6427-4941-8360-8c33095a34ce,trichrome.vin,available,6.98,75.98,medium,low,9,namecheap,,,11/09/2026 19:24
01683b06-9618-4fdc-87ff-ac04dc12d323,dispatching.vin,available,11.99,,high,low,11,name.com,,,
79f68749-293c-4b28-983d-47c579e92eb3,restructuring.vin,available,11.99,,medium,low,13,name.com,,,
6640a404-09ad-4662-989a-fb5ebd2b15d2,brothel.vin,available,6.98,75.98,medium,low,7,namecheap,,,21/09/2026 18:15
c2292c1b-e656-4ea7-ad2e-cea455bc0f48,sousaphone.vin,available,6.98,75.98,medium,low,10,namecheap,,,22/09/2026 11:51
d5b9bf45-cee4-4e1d-b188-bde4654d0d45,social.vin,premium,242,242,high,medium,6,namesilo,,,19/09/2026 17:20
aa54f15e-ebf1-4be1-b4a5-e02173540b77,nonsuch.vin,available,6.98,75.98,medium,low,7,namecheap,,,03/09/2026 20:15
55831336-ec23-4bae-b5dd-b9e4c31eac3a,griffiths.vin,available,8.99,59.99,medium,low,9,namesilo,,,26/09/2026 03:40
ec9ada52-2bb9-4422-acc6-77283d29bfaf,chemist.vin,available,8.99,59.99,high,low,7,namesilo,,,19/09/2026 19:39
06b08cfd-ac70-4d55-a666-4d47fa0d17f4,whilst.vin,available,11.99,,medium,low,6,name.com,,,
c48c1588-4a69-48d6-b052-04be6cd12453,argal.vin,available,8.99,59.99,medium,low,5,namesilo,,,20/09/2026 04:10
079c6c89-4c3f-45e4-aafa-05677d7863b2,otiose.vin,available,6.98,75.98,medium,low,6,namecheap,,,17/08/2026 20:56
a3980a95-1373-4433-b40f-c87e14b5024c,brooks.vin,available,8.99,59.99,high,low,6,namesilo,,,24/09/2026 10:47
8fb6ac4e-0c69-429a-ac61-fc82197ff9bc,sanford.vin,available,8.99,59.99,medium,low,7,namesilo,,,25/09/2026 16:16
40628b47-8fa3-4048-977b-df91949620f5,circadian.vin,available,6.98,75.98,high,low,9,namecheap,,,12/08/2026 08:17
58265913-997a-4d79-83a3-a107ef45c533,hussy.vin,available,8.99,59.99,medium,low,5,namesilo,,,17/09/2026 10:20
84b58142-8c86-476c-8f78-c5a589898548,stimulus.vin,available,6.98,75.98,high,low,8,namecheap,,,10/09/2026 20:39
d4d665b7-2696-49fd-91f8-20fad1ba2966,slivery.vin,available,6.98,75.98,medium,low,7,namecheap,,,10/09/2026 11:13
5fab5ab6-e218-4094-b5c8-630c0b47064b,initiate.vin,available,6.98,75.98,high,low,8,namecheap,,,17/08/2026 09:35
2e8287fb-05b5-4aaa-b1f3-72205b39ea58,adenoma.vin,available,8.99,59.99,medium,low,7,namesilo,,,17/09/2026 07:30
166d2afe-e254-4102-8c0d-a4280f9c0847,uppish.vin,available,6.98,75.98,low,low,6,namecheap,,,09/08/2026 20:46
e69eb934-8784-41d8-a96d-d01943e9f8b4,memorable.vin,available,6.98,75.98,high,low,9,namecheap,,,25/09/2026 19:29
73be9e6f-66de-4fce-80e8-aba27902d7d1,timeless.vin,available,6.98,75.98,high,low,8,namecheap,,,11/09/2026 16:02
5fe23fb8-f5e0-4274-b48d-d6376ae59473,albuca.vin,available,8.99,59.99,medium,low,6,namesilo,,,18/09/2026 03:19
34f0d4b5-ac3d-4a2f-a723-a2fb6ca93b6a,hooter.vin,available,8.99,59.99,high,low,6,namesilo,,,21/09/2026 07:22
9c3b9016-217a-44e1-9225-63bf93b268b0,christopher.vin,available,8.99,59.99,high,low,11,namesilo,,,25/09/2026 13:15
1dff06bd-dfb9-42fe-b0a2-7ba40b28ae7b,snipefish.vin,available,8.99,59.99,medium,low,9,namesilo,,,23/09/2026 06:28
a0de36df-fd92-40f2-b23c-6cdbf3140052,produced.vin,available,8.99,59.99,medium,low,8,namesilo,,,19/09/2026 16:32
3cc18184-767c-4c50-ae93-9362cd2a15e2,baldness.vin,available,8.99,59.99,medium,low,8,namesilo,,,21/09/2026 21:44
ff862e20-a79e-4562-a62f-f45acedd7602,perforate.vin,available,6.98,75.98,high,low,9,namecheap,,,08/09/2026 16:54
3e038273-b3b5-4de0-8cf8-880c1ab13183,uuh.vin,available,6.98,75.98,medium,low,3,namecheap,,,20/09/2026 22:22
075d0380-500a-4910-bbb7-7671201ad0fb,salaried.vin,available,6.98,75.98,high,low,8,namecheap,,,12/08/2026 19:23
39626170-6335-402e-93b7-6084d341428a,pony.vin,available,11.99,,high,low,4,name.com,,,
5501e5a9-133e-4289-9aaa-04964ceb3326,northward.vin,available,6.98,75.98,high,low,9,namecheap,,,03/09/2026 21:27
7e77f387-bf28-4c25-a3c6-b80a51370227,dozy.vin,available,6.98,75.98,medium,low,4,namecheap,,,14/08/2026 18:06
f886f838-f87b-40ab-af52-1e9bc4ff15ca,unexplored.vin,available,6.98,75.98,high,low,10,namecheap,,,12/09/2026 09:42
50e9b4d3-7675-4649-ae56-fc7666f0d618,rightish.vin,available,6.98,75.98,medium,low,8,namecheap,,,09/09/2026 17:35
e5d56ffc-c757-4389-a736-f1cf15c4880d,absolutist.vin,available,6.98,75.98,high,low,10,namecheap,,,
2c4b6a62-6027-4f1d-bc06-e0b15b7037c6,woolen.vin,available,6.98,75.98,high,low,6,namecheap,,,13/09/2026 13:13
1e9c5cee-feb4-48b8-b8a9-5618e2fcbfd9,effeminate.vin,available,6.98,75.98,medium,low,10,namecheap,,,12/08/2026 08:34
a6b6446e-ba43-4cdf-87f4-2cd66ba75298,albizia.vin,available,8.99,59.99,high,low,7,namesilo,,,18/09/2026 03:01
e86bc2d1-4350-48c0-8b05-3d9a77a10839,smutty.vin,available,6.98,75.98,medium,low,6,namecheap,,,13/08/2026 08:53
b5a01330-e522-47c9-8c31-a407332074ac,monetary.vin,available,6.98,75.98,high,low,8,namecheap,,,25/09/2026 21:29
9a3bdeb1-018f-4a6c-a545-dac2bbe65e5b,cavalier.vin,available,6.98,75.98,high,low,8,namecheap,,,11/08/2026 22:48
71523d2b-e816-4e40-a312-80c319fcba7f,lacy.vin,available,6.98,75.98,high,low,4,namecheap,,,22/08/2026 17:47
b1c79a55-811d-40bb-878b-3377b3d016db,poured.vin,available,6.98,75.98,high,low,6,namecheap,,,18/09/2026 02:28
28626ca3-17f7-4ff2-b4be-484a2a355112,prevent.vin,available,11.99,,high,low,7,name.com,,,
d6727e3a-a102-451c-ae5a-a535262413d8,aerator.vin,available,6.98,75.98,medium,low,7,namecheap,,,17/09/2026 12:47
d1b94640-9db7-4f80-8897-6d845977d0e1,perfume.vin,available,8.99,59.99,high,low,7,namesilo,,,27/09/2026 04:02
1ac91e73-99bd-4d5f-a6d5-1cc81c453973,caliber.vin,available,8.99,59.99,high,low,7,namesilo,,,24/09/2026 11:44
4eb09e57-ca0f-47c9-8895-d7f104a48430,tilted.vin,available,6.98,75.98,high,low,6,namecheap,,,07/08/2026 13:29
f80a3b35-631b-4b1c-85e4-197d633d6f32,flowered.vin,available,6.98,75.98,high,low,8,namecheap,,,18/08/2026 08:56
7c7bd60a-7cab-4927-b464-e8bf8c00a02a,display.vin,available,8.99,59.99,high,low,7,namesilo,,,25/09/2026 04:58
327cb7be-686a-4626-bd6b-af1f3ba119cb,hanoi.vin,available,11.99,,high,low,5,name.com,,,
61aa968d-6e31-4a44-9e09-0a2f332ba15f,sound.vin,available,11.99,77.99,high,medium,5,name.com,,,25/09/2026 13:31
b3fbf667-8424-4e1c-96dd-2d064987741e,throng.vin,available,8.99,59.99,high,low,6,namesilo,,,24/09/2026 17:08
10207a90-f025-4cf9-8aa2-bfac1a3bb535,cafe.vin,premium,512,512,high,low,4,namesilo,,,19/09/2026 13:35
6465b70b-29b8-40b7-891a-e0940d5900de,clogged.vin,available,6.98,75.98,medium,low,7,namecheap,,,12/08/2026 06:41
193a7cb4-8d58-484a-8b60-acb274db4c26,terrifies.vin,available,8.99,59.99,low,low,9,namesilo,,,18/09/2026 07:37
c5330d03-7b23-4eec-b4ee-fcaee38ecfb0,woodsy.vin,available,6.98,75.98,high,low,6,namecheap,,,06/08/2026 13:04
8cea9db9-b31f-4d33-94eb-dcf42395a99f,grimy.vin,available,6.98,75.98,medium,low,5,namecheap,,,09/08/2026 09:25
6defd454-16dc-4229-af0a-62827e6bcee6,horse.vin,available,8.99,59.99,high,low,5,namesilo,,,24/09/2026 13:18
acde88b8-a1d4-409d-9188-1bb361eeea99,follicular.vin,available,6.98,75.98,medium,low,10,namecheap,,,18/08/2026 10:20
2e5ce9d6-19f1-40a8-8557-d352dfc1619c,much.vin,available,8.99,59.99,high,low,4,namesilo,,,25/09/2026 22:03
1de319d2-1fb5-4e8f-b56a-eae77d4cb64e,botchy.vin,available,6.98,75.98,medium,low,6,namecheap,,,10/08/2026 20:53
b2eb19d4-7e02-4fb0-be35-5c04ff671f27,continent.vin,available,6.98,75.98,high,low,9,namecheap,,,11/08/2026 23:26
6a23414d-7a6c-44a1-8112-1cdfd3e4d112,fields.vin,available,8.99,59.99,high,low,6,namesilo,,,25/09/2026 22:46
42356918-bd96-4345-b114-240b0d14ec7b,skimpy.vin,available,6.98,75.98,high,low,6,namecheap,,,10/09/2026 09:36
abe11092-f649-4943-a19e-4af8d60f5fd4,transexual.vin,available,6.98,75.98,medium,low,10,namecheap,,,11/09/2026 19:01
e82814d5-8438-49bf-b808-13b29e7c500d,farrell.vin,available,6.98,75.98,medium,low,7,namecheap,,,25/09/2026 05:20
e18214a8-0a1d-4b00-a873-7fa71ec7f0de,arranging.vin,available,6.98,75.98,high,low,9,namecheap,,,20/09/2026 08:47
faafb4c4-d11f-44f4-986b-8b375465f9d6,snippet.vin,available,11.99,,high,low,7,name.com,,,
c99433a0-8945-41de-bf1f-e9fb647a7699,floaty.vin,available,6.98,75.98,high,low,6,namecheap,,,11/08/2026 10:08
9ae48b24-5e81-43cd-a36b-21494a9ddc17,fictitious.vin,available,6.98,75.98,medium,low,10,namecheap,,,07/08/2026 07:50
5a61f20e-a5b0-4d46-88ec-dfca9c643dac,fatefully.vin,available,6.98,75.98,medium,low,9,namecheap,,,14/09/2026 17:53
201f69f2-85bb-47a9-aeb4-5421f7f9f55d,baseplate.vin,available,11.99,,medium,low,10,name.com,,,
1eb628bb-2342-43f6-8825-f46a4207e729,amusingly.vin,available,6.98,75.98,medium,low,9,namecheap,,,13/09/2026 19:40
99501f83-4275-46d6-99ae-0261b8f58373,aggro.vin,available,11.99,77.99,medium,low,5,name.com,,,17/09/2026 17:46
8f01b07a-0207-4f48-8040-7ba14c615037,issue.vin,available,11.99,,high,low,5,name.com,,,
aee252be-3dd6-4921-b41a-b9a1b40a053b,wristband.vin,available,6.98,75.98,high,low,9,namecheap,,,24/09/2026 07:49
f5d0839d-7161-4c4a-8753-ba72cb4a7980,affable.vin,available,6.98,75.98,high,low,7,namecheap,,,21/09/2026 21:27
79468006-5f19-41ce-94ea-43db0b563536,swimmer.vin,available,8.99,59.99,high,low,7,namesilo,,,22/09/2026 13:29
f7c5db3f-60f0-4a40-9886-3b362f80bd66,nauseating.vin,available,6.98,75.98,medium,low,10,namecheap,,,24/08/2026 08:23
7c9c0714-4433-4032-ab9f-38bdf4daf967,roof.vin,available,11.99,,high,low,4,name.com,,,
8cc7a244-cb3f-4a09-a184-ff153dfd04fc,john.vin,available,6.98,75.98,high,medium,4,namecheap,,,09/09/2026 02:17
4a5f05a2-646a-4861-8e8b-35255be8af74,theyre.vin,available,11.99,,medium,low,6,name.com,,,
a1e933d4-664c-4fe1-88f0-2ce505b49b41,winfred.vin,available,6.98,75.98,medium,low,7,namecheap,,,19/09/2026 19:23
8404c6f0-06d6-4ea9-96df-99855409f21c,nervously.vin,available,6.98,75.98,medium,low,9,namecheap,,,15/09/2026 16:28
67c98098-815c-41aa-b42f-41ce0d4ad529,spectral.vin,available,6.98,75.98,high,low,8,namecheap,,,06/08/2026 05:38
e4905c60-f35a-4951-af57-4af78fc76963,destined.vin,available,6.98,75.98,high,low,8,namecheap,,,24/09/2026 06:55
ad3fff5e-d573-4162-ba10-865b5555cb46,thresher.vin,available,8.99,59.99,medium,low,8,namesilo,,,18/09/2026 13:23
0060ecd7-9d80-40b8-ab06-176892a46194,disarming.vin,available,6.98,75.98,high,low,9,namecheap,,,14/08/2026 09:30
42759ee9-c86a-41dd-a7ac-5b377c891daa,unwelcome.vin,available,6.98,75.98,medium,low,9,namecheap,,,12/09/2026 22:38
ee42cd91-26e0-4179-9e85-174fe87d5e47,writing.vin,available,11.99,,high,low,7,name.com,,,
488fc779-42b3-42da-87e2-0ea8545fc961,agrypnia.vin,available,6.98,75.98,medium,low,8,namecheap,,,17/09/2026 20:02
2c045a88-a9a4-4864-ab45-38b9fc5fc194,dependable.vin,available,6.98,75.98,high,low,10,namecheap,,,14/08/2026 02:04
3e9bd835-c22e-4958-897f-863b4c8857d6,transmitted.vin,available,8.99,59.99,medium,low,11,namesilo,,,16/09/2026 07:54
532460ed-6275-4671-9e5f-8fd5e8d142a9,was.vin,available,11.99,,medium,low,3,name.com,,,
6a8a882a-aaea-4bd1-855b-6ab5fe059c51,deducible.vin,available,6.98,75.98,medium,low,9,namecheap,,,13/08/2026 22:25
fd60dde1-a387-425c-b437-11b2a34aa69b,sprawl.vin,available,6.98,75.98,medium,low,6,namecheap,,,10/09/2026 16:41
0d035d60-c516-4c6a-9eda-066e3a0debdc,uncontrollable.vin,available,11.99,,medium,low,14,name.com,,,
3c1b8060-5f4f-4ef0-99a8-3a7541c04f58,apodeme.vin,available,6.98,75.98,medium,low,7,namecheap,,,19/09/2026 18:17
0e91f751-db08-4cda-87b5-587f0a9e4275,toetoe.vin,available,8.99,59.99,medium,low,6,namesilo,,,20/09/2026 12:22
361379ec-e643-4992-a819-1faa15bf87dd,penial.vin,available,6.98,75.98,medium,low,6,namecheap,,,08/09/2026 14:23
fb3712e7-53b5-4b00-8a8c-d311d11eff1c,beet.vin,available,8.99,59.99,high,low,4,namesilo,,,23/09/2026 01:49
e154e343-8bb3-4f24-9be0-bc1dff643448,concluding.vin,available,8.99,59.99,high,low,10,namesilo,,,19/09/2026 15:36
68a514f2-2973-4510-bcfd-123777e6595f,grams.vin,available,8.99,59.99,high,low,5,namesilo,,,18/09/2026 05:03
1ed23742-ad81-4905-b45f-9af2c9b81328,interred.vin,available,6.98,75.98,medium,low,8,namecheap,,,11/08/2026 10:36
aa750953-2a06-4bf0-8958-a69f4ef91e30,causally.vin,available,6.98,75.98,medium,low,8,namecheap,,,14/09/2026 06:01
44421426-30a1-4410-9f8c-ae26c17268a7,akkadian.vin,available,6.98,75.98,high,low,8,namecheap,,,18/09/2026 00:10
1687e3ee-4c7c-455e-82bc-8b2bff55cdeb,additions.vin,available,8.99,59.99,medium,low,9,namesilo,,,18/09/2026 16:32
4673b1d3-d140-42e2-aa1a-1c3e84dda793,screech.vin,available,6.98,75.98,high,low,7,namecheap,,,09/09/2026 23:57
a5f1da9e-8a53-49be-8154-f828765d65eb,agate.vin,available,8.99,59.99,high,low,5,namesilo,,,17/09/2026 16:25
a735e12c-0363-48a0-a538-85fa838c310d,solidly.vin,available,6.98,75.98,medium,low,7,namecheap,,,16/09/2026 04:03
1fdf9056-abef-4187-b4b5-df2362f92666,pocketbook.vin,available,8.99,59.99,high,low,10,namesilo,,,23/09/2026 16:19
63dadc24-17d8-49af-bd13-d852a2ed1a59,provinces.vin,available,8.99,59.99,medium,low,9,namesilo,,,18/09/2026 15:35
9a6db16d-7898-4345-8f02-7894d3dbb779,counted.vin,available,11.99,,medium,low,7,name.com,,,
0c3c5ce8-ce9d-4919-8ee0-b845e2530da7,civilized.vin,available,6.98,75.98,high,low,9,namecheap,,,12/08/2026 09:06
2096ce3c-2fef-4d6e-b0fd-de22d3cee95c,bagman.vin,available,6.98,75.98,medium,low,6,namecheap,,,21/09/2026 18:10
0c393d40-3560-406a-b906-59c4130e00fa,overtime.vin,available,11.99,,high,low,8,name.com,,,
34cf3549-85b7-480b-aef0-ba952f5fe27d,lunt.vin,available,8.99,59.99,medium,low,4,namesilo,,,18/09/2026 06:40
6a0e4475-31f4-4da0-a3ef-dd9784b003d1,dominion.vin,available,8.99,59.99,high,low,8,namesilo,,,24/09/2026 23:09
3d56555f-5ced-43be-aa4f-c4f7b18c01ef,bends.vin,available,8.99,59.99,high,low,5,namesilo,,,23/09/2026 07:50
07411652-ff96-436f-8c8e-02fcf0ea86d6,knight.vin,available,,,high,low,6,,,,
86f210c3-0087-447d-851a-fc489aec7a99,bubble.vin,available,11.99,,high,low,6,name.com,,,
8ccb1bb1-952e-4c35-a973-132867b39ff1,motorised.vin,available,6.98,75.98,medium,low,9,namecheap,,,25/08/2026 08:28
a60d9379-2344-4093-a3cb-ebd610de00dd,argue.vin,available,11.99,,high,low,5,name.com,,,
07f9ee7e-6947-407a-a8ac-13958eb2df53,blitt.vin,available,8.99,59.99,medium,low,5,namesilo,,,21/09/2026 14:13
836bfa11-6d26-422b-8647-5c9ecebf18d9,footless.vin,available,6.98,75.98,medium,low,8,namecheap,,,18/08/2026 10:45
cfc0874b-2cf9-43f3-832d-5d2cb43322f5,terrifying.vin,available,11.99,,medium,low,10,name.com,,,
bac3234c-b739-4dce-ae40-251316f8b33a,prink.vin,available,8.99,59.99,medium,low,5,namesilo,,,21/09/2026 02:05
e2dcf9e1-aa8b-489e-bf7f-fcb7cabb39b4,weismann.vin,available,8.99,59.99,medium,low,8,namesilo,,,21/09/2026 03:48
53de8337-68bd-4a16-b308-9fb8253d9337,fulgurous.vin,available,11.99,77.99,medium,low,9,name.com,,,13/08/2026 19:01
defd6bff-932f-4eba-9848-ff8f88b4c55d,assistive.vin,available,6.98,75.98,medium,low,9,namecheap,,,07/08/2026 06:40
16e7ace7-045d-40c1-894e-08187bd3a74a,capacious.vin,available,6.98,75.98,medium,low,9,namecheap,,,11/08/2026 17:47
9988ddc7-2faf-4db3-abcc-e281fa70f5ed,koranic.vin,available,6.98,75.98,medium,low,7,namecheap,,,22/08/2026 16:59
239f4339-bd12-4fd4-8272-f88a12c5230e,andalucia.vin,available,8.99,59.99,high,low,9,namesilo,,,19/09/2026 03:58
6b715406-dd05-49ff-92ff-3f8cbeb2abaf,rubbery.vin,available,6.98,75.98,medium,low,7,namecheap,,,20/08/2026 20:09
df981359-52a4-4685-918b-a8fa7db62cde,recovered.vin,available,6.98,75.98,high,low,9,namecheap,,,13/08/2026 11:06
137305c9-8319-46ec-9de6-e93373c2bda6,squally.vin,available,6.98,75.98,low,low,7,namecheap,,,10/09/2026 17:18
89076af0-6c69-4662-8498-9165689f7152,remnant.vin,available,6.98,75.98,high,low,7,namecheap,,,22/08/2026 22:50
57b98e10-880b-410d-90bc-ac4e3cfe8dcf,jumentous.vin,available,6.98,75.98,low,low,9,namecheap,,,22/08/2026 14:21
85ef65b6-2d9e-4e06-8acc-ce4a322cd5b2,substance.vin,available,6.98,75.98,high,low,9,namecheap,,,14/09/2026 23:41
82730754-a16c-45c2-877d-5d8a74970d98,unfamiliar.vin,available,6.98,75.98,high,low,10,namecheap,,,12/09/2026 09:55
4d0ce0ad-747a-4227-ba1c-63d51ac3f3dc,latent.vin,available,6.98,75.98,high,low,6,namecheap,,,22/08/2026 20:30
69b8e39e-4b75-466b-8379-5e244c2be9ed,tinny.vin,available,6.98,75.98,medium,low,5,namecheap,,,11/08/2026 09:06
a62e5122-56fd-46aa-b096-e0c78a9b81a0,scary.vin,available,6.98,75.98,high,low,5,namecheap,,,12/08/2026 05:23
9691f3c3-2d26-42b1-a4a0-d99d3288755f,tenanted.vin,available,6.98,75.98,medium,low,8,namecheap,,,11/09/2026 11:09
27c2a1d2-db35-4a75-b0c9-b81a587db354,fresher.vin,available,6.98,75.98,high,low,7,namecheap,,,18/08/2026 15:22
f1fc9a43-b076-4040-a26b-a4740eb0802f,azygous.vin,available,6.98,75.98,medium,low,7,namecheap,,,08/08/2026 03:27
6f7915dd-783c-4fa0-a0ec-b993792009f4,stylishly.vin,available,8.99,59.99,medium,low,9,namesilo,,,16/09/2026 07:28
41655dfd-c7c6-49bb-885b-8ab98ceaed75,corruption.vin,available,11.99,,medium,low,10,name.com,,,
d8c56485-a70f-4cff-bac5-6c542f83b9ac,tormented.vin,available,6.98,75.98,medium,low,9,namecheap,,,
e5dd8749-f4e5-45ff-a02c-b1ce7d5cc1a9,appro.vin,available,6.98,75.98,medium,low,5,namecheap,,,19/09/2026 22:20
ad308724-f6b3-49d9-ad66-15f1e5edfca3,bosnian.vin,available,6.98,75.98,high,low,7,namecheap,,,10/08/2026 20:21
04b5041c-bacf-4922-9089-0589e29da7c8,asymptote.vin,available,11.99,77.99,medium,low,9,name.com,,,20/09/2026 18:41
e580b523-c3a4-4d66-b9ae-539e328c92e0,mission.vin,available,11.99,,high,medium,7,name.com,,,
bf6c477b-4f24-406c-a4d1-d571538da8f0,atmosphere.vin,available,8.99,59.99,high,low,10,namesilo,,,18/09/2026 16:39
46ca695f-6564-4ef5-b8fe-a110bcdbf08b,barbarian.vin,available,6.98,75.98,high,low,9,namecheap,,,08/08/2026 15:26
f0589118-08ab-43f0-b619-8bddb9d9a3a8,bandage.vin,available,8.99,59.99,high,low,7,namesilo,,,22/09/2026 00:52
fba0e6b9-05df-4cc2-af6c-b4cca074fdac,label.vin,available,11.99,,high,low,5,name.com,,,
556fbe9e-c9fb-4b87-b726-0ef4298642c7,holdup.vin,available,8.99,59.99,medium,low,6,namesilo,,,20/09/2026 06:37
5e2c101b-a0c0-4b28-af85-6e6b2a2ad14d,arced.vin,available,6.98,75.98,medium,low,5,namecheap,,,06/08/2026 14:28
7ec7ad1d-2929-4cc3-bf20-52aedae58b54,extensible.vin,available,6.98,75.98,medium,low,10,namecheap,,,17/08/2026 19:03
f0d2ba49-710b-4c38-a6e4-2b9d08232525,banyan.vin,available,8.99,59.99,high,low,6,namesilo,,,22/09/2026 02:04
315dd647-3b06-41a3-b11b-4b2d21c1b6f7,derelict.vin,available,8.99,59.99,high,low,8,namesilo,,,21/09/2026 13:39
926e3f7c-48ff-48df-9d6e-f1b534c45551,quotable.vin,available,6.98,75.98,high,low,8,namecheap,,,09/09/2026 09:10
50775962-f587-4ae8-b979-386f9726df16,kelvin.vin,available,6.98,75.98,high,low,6,namecheap,,,22/08/2026 15:02
44bf2943-196a-444d-9a13-7910313529d3,convolve.vin,available,6.98,75.98,medium,low,8,namecheap,,,13/08/2026 00:01
00d2a593-0ebb-4950-8689-4c409c123dab,occident.vin,available,6.98,75.98,medium,low,8,namecheap,,,13/09/2026 10:49
2699e35c-0c09-4193-9219-aa35afc1df5d,uninspired.vin,available,6.98,75.98,medium,low,10,namecheap,,,12/09/2026 13:05
ecde8220-054a-40b3-89f6-7818de498f57,siri.vin,available,,,high,high,4,,,,
c09a0730-1907-41be-9793-3025c4b655f5,anterior.vin,available,6.98,75.98,high,low,8,namecheap,,,
9c24ae09-bf57-4bd1-b047-7f9d9b64e495,ironed.vin,available,6.98,75.98,high,low,6,namecheap,,,22/08/2026 10:04
91f0b1f6-464a-45a6-834f-a233205ca51a,haptic.vin,available,6.98,75.98,medium,low,6,namecheap,,,21/08/2026 00:01
b437f118-af3f-4fcd-bf83-a1f300845c51,wrathful.vin,available,6.98,75.98,medium,low,8,namecheap,,,13/09/2026 13:36
3154f1eb-e108-41e3-ad71-0dbd40f907c2,queensland.vin,premium,118.8,118.8,high,low,10,namesilo,,,25/09/2026 10:12
c95c739b-f8c7-490c-b9ac-86cab0cd0888,curl.vin,available,11.99,,high,low,4,name.com,,,
8209b7c2-c5af-4932-916d-cafcd4f728f2,deserter.vin,available,6.98,75.98,medium,low,8,namecheap,,,06/08/2026 03:40
7c319b62-f71a-478e-807c-3d9f9759f705,vacuum.vin,available,6.98,75.98,high,low,6,namecheap,,,25/09/2026 17:12
50ff60c3-31d1-450b-a51d-da02cd63b076,comestible.vin,available,6.98,75.98,medium,low,10,namecheap,,,12/08/2026 18:45
9f6c11c6-9bc6-42fd-af2d-6b44372d6679,adagio.vin,available,6.98,75.98,high,low,6,namecheap,,,
84837e58-9ef2-40cb-a01e-ec1ca3b790d7,following.vin,available,6.98,75.98,high,low,9,namecheap,,,18/08/2026 10:22
92dd3a77-8800-4364-95f9-5bbcca6e241d,scar.vin,available,8.99,59.99,high,low,4,namesilo,,,24/09/2026 15:00
4e8a123a-7631-4618-848c-01310936a264,eastwards.vin,available,6.98,75.98,medium,low,9,namecheap,,,14/08/2026 23:00
1e07aa7c-4775-4a63-94e4-a893b41d144c,rose.vin,premium,500,,high,medium,4,name.com,,,
d91e82d4-52e0-47d5-bcfb-426171df5620,assume.vin,available,11.99,,high,low,6,name.com,,,
0d3b04e6-4bd3-4f98-9db2-5094a4c8dbd2,noticeable.vin,available,8.99,59.99,high,low,10,namesilo,,,24/09/2026 07:23
5c1bb4b7-bbc7-46e8-856a-4cd678df2027,snobbish.vin,available,6.98,75.98,medium,low,8,namecheap,,,12/08/2026 11:21
65ba9672-904c-4001-baf4-c7c891094b2e,dogs.vin,available,8.99,59.99,high,low,4,namesilo,,,17/09/2026 11:22
a630af7c-84d4-48b4-a44f-4e449738564a,jarring.vin,available,6.98,75.98,medium,low,7,namecheap,,,22/08/2026 12:26
6bbccbdb-1c5b-47d3-85ea-6545a0c1830d,rodin.vin,available,8.99,59.99,high,low,5,namesilo,,,21/09/2026 03:57
0eea5b54-fa8c-4d25-8f99-f836ddd08b07,sneak.vin,available,6.98,75.98,high,low,5,namecheap,,,23/09/2026 12:44
0c32de75-8b61-4e72-a722-17d393a27722,upstage.vin,available,6.98,75.98,high,low,7,namecheap,,,
6e8761d2-4c17-4f86-b4cc-95e421eafafe,speedup.vin,available,11.99,,high,low,8,name.com,,,
227a3f0e-67b9-4c7f-abfa-ec282d2ef7be,biomedical.vin,available,6.98,75.98,high,low,10,namecheap,,,10/08/2026 02:15
90350bd0-40bc-419a-b1fd-4fe770839218,retractile.vin,available,6.98,75.98,medium,low,10,namecheap,,,09/09/2026 15:42
6804daec-4366-44c1-9681-0f148c078c8f,goony.vin,available,8.99,59.99,medium,low,5,namesilo,,,23/09/2026 23:48
d5a51f3e-0c90-49e2-b7a5-c94e56bbdf97,tangled.vin,available,6.98,75.98,high,low,7,namecheap,,,11/09/2026 07:59
a91f352b-eead-4581-830a-2cda9e555c26,sleepily.vin,available,6.98,75.98,medium,low,8,namecheap,,,16/09/2026 02:32
786173f7-ba0c-4b07-8db0-1736c3158770,transportation.vin,available,6.98,75.98,high,low,14,namecheap,,,19/09/2026 03:16
651cd81b-822c-46c8-82b0-f7410352ac4a,disparate.vin,available,6.98,75.98,medium,low,9,namecheap,,,14/08/2026 11:52
36944c5d-0f03-413c-882e-723ba0bc127a,humorless.vin,available,6.98,75.98,medium,low,9,namecheap,,,21/08/2026 15:23
0f6ba6e5-71b7-4fea-99e4-8f78ba3830b5,downstairs.vin,available,6.98,75.98,high,low,10,namecheap,,,14/08/2026 17:55
74d8df76-3a99-4488-969a-daa0e3eb794c,covering.vin,available,11.99,,high,low,8,name.com,,,
e3fd9f89-0837-47f8-bea7-e94113b2d3a2,maxim.vin,available,11.99,,high,low,5,name.com,,,
e0c4d89b-d969-407d-8b47-ec5fd39cbe0b,agni.vin,available,8.99,59.99,medium,low,4,namesilo,,,17/09/2026 18:43
0d70afc5-98c7-4cb7-aa61-1fe17772cc19,airlock.vin,available,8.99,59.99,high,low,7,namesilo,,,17/09/2026 22:33
d34bab48-0aa4-4c89-9838-d35b4cfb855b,inbred.vin,available,6.98,75.98,medium,low,6,namecheap,,,22/08/2026 00:42
78e35d16-9b9e-473c-bee2-8f9a72d97c59,swampy.vin,available,6.98,75.98,medium,low,6,namecheap,,,10/08/2026 17:18
adcc27b0-d354-463c-b673-713659b2cdfd,disapproval.vin,available,11.99,,medium,low,11,name.com,,,
7089d9c6-ec4a-4332-8351-a8695bfaea76,fundament.vin,available,6.98,75.98,medium,low,9,namecheap,,,09/08/2026 10:59
64939b93-d82e-40e2-951b-dbb6059f2abf,headteacher.vin,available,11.99,,high,low,12,name.com,,,
a220e544-dadf-430d-b6fa-164d370ff0a0,aves.vin,available,8.99,59.99,high,low,4,namesilo,,,21/09/2026 09:17
76b29922-950d-4c81-9f36-545b683046c3,clifton.vin,available,6.98,75.98,medium,low,7,namecheap,,,25/09/2026 19:29
6c13ffbf-2ee8-4475-a75f-093e810b32d8,bowed.vin,available,6.98,75.98,medium,low,5,namecheap,,,06/08/2026 14:55
5fc6a57b-1b7e-43a9-be7f-2b0df23a81b2,thundered.vin,available,6.98,75.98,medium,low,9,namecheap,,,20/09/2026 16:05
688698a6-c220-47f7-b427-ef18db4043cd,cowpens.vin,available,8.99,59.99,medium,low,7,namesilo,,,22/09/2026 14:56
2d618452-2b23-4d44-a9fa-d8052c2e4b92,diversity.vin,available,11.99,,high,low,9,name.com,,,
a747ab1b-a465-447a-9e13-99a96041b2d2,untrue.vin,available,6.98,75.98,medium,low,6,namecheap,,,26/09/2026 03:18
fcdacdf9-6c5e-47e8-8f82-cb9c0f00b078,smithsonian.vin,available,8.99,59.99,high,low,11,namesilo,,,25/09/2026 12:40
478b1b80-ac78-408b-805b-ca1d3c14610e,personality.vin,available,6.98,75.98,high,low,11,namecheap,,,25/09/2026 16:45
a07253a0-4fdf-4a39-a922-5854372a569f,evince.vin,available,6.98,75.98,high,low,6,namecheap,,,17/08/2026 18:43
560aadb5-70c4-4dc6-9c6b-8ec421e904d4,ketosis.vin,available,8.99,59.99,medium,low,7,namesilo,,,17/09/2026 00:11
e0fdaa48-9145-42e5-82db-448b4ffdf3c3,deaths.vin,available,6.98,75.98,medium,low,6,namecheap,,,19/09/2026 19:12
dd59c233-1820-4552-b695-4c45b674629f,obnoxious.vin,available,6.98,75.98,medium,low,9,namecheap,,,03/09/2026 23:32
689a3f39-ef9e-4496-8e2e-98e53617c235,burning.vin,available,6.98,75.98,high,low,7,namecheap,,,23/09/2026 11:45
dccf7815-8292-4133-ae56-6511ed24ca46,tired.vin,available,8.99,59.99,high,low,5,namesilo,,,22/09/2026 16:41
e544c083-c0b2-495d-9aae-22cfbd1e5365,binoculars.vin,available,8.99,59.99,high,low,10,namesilo,,,23/09/2026 17:37
e1353ee3-7c87-42b5-8d1e-cc5ea5175689,workmanship.vin,available,8.99,59.99,high,low,11,namesilo,,,16/09/2026 08:15
a6183cd4-731b-428c-aaff-d060a1415373,bashfully.vin,available,6.98,75.98,medium,low,9,namecheap,,,13/09/2026 23:41
77ef588a-d7c9-426f-875a-58176e4cb3e4,speakers.vin,available,8.99,59.99,high,low,8,namesilo,,,18/09/2026 11:01
793f42fc-e1af-4cb9-a1dc-11f2e65f4e54,diseased.vin,available,6.98,75.98,medium,low,8,namecheap,,,14/08/2026 10:08
115ab0a4-4080-4e6c-8264-04e4f177d9cc,emblazon.vin,available,8.99,59.99,high,low,8,namesilo,,,24/09/2026 05:09
9b41573e-d4fa-4540-ae95-086f7e559a7b,prodromic.vin,available,6.98,75.98,medium,low,9,namecheap,,,09/09/2026 02:46
0ebb9fbf-1b71-40b8-b36a-4676ff8d56a5,mesial.vin,available,6.98,75.98,medium,low,6,namecheap,,,24/08/2026 21:08
aa5804a2-0dec-4e2c-90d6-0a4520a8ed90,decreased.vin,available,6.98,75.98,medium,low,9,namecheap,,,13/08/2026 22:08
2cfc695d-a27b-4dfb-8757-9fae6c557bb6,darken.vin,available,11.99,,high,low,6,name.com,,,
10016f4d-9763-4850-9420-697058636a97,bentonite.vin,available,6.98,75.98,high,low,9,namecheap,,,23/09/2026 08:46
070055e8-d7eb-40ca-a2bc-4a6539d978ce,slain.vin,available,6.98,75.98,high,low,5,namecheap,,,10/09/2026 09:53
a143412d-427d-415e-9e72-1b0327d41ab6,redress.vin,available,6.98,75.98,high,low,7,namecheap,,,09/09/2026 17:27
67ee006d-be7f-4b27-aea7-18cec91eeec0,controller.vin,available,8.99,59.99,high,low,10,namesilo,,,23/09/2026 23:15
b18431fb-450a-40e5-959f-f6a4ecb5c7e0,kidnapping.vin,available,8.99,59.99,high,low,10,namesilo,,,25/09/2026 08:11
2ea74d88-b1c3-4f6e-88d0-8c44eae2f822,agreement.vin,available,8.99,59.99,high,low,9,namesilo,,,16/09/2026 22:51
58d84f4c-d41c-4bd0-b895-a153e2373a7e,methodical.vin,available,6.98,75.98,high,low,10,namecheap,,,24/08/2026 21:56
2bf3ca4b-9d25-4eac-8058-925de1ab56c7,absently.vin,available,6.98,75.98,medium,low,8,namecheap,,,13/09/2026 16:41
50db2d76-185a-42f9-a95b-2b95dc0e6768,insignificant.vin,available,11.99,,medium,low,13,name.com,,,
a39abcc1-3600-484a-96b0-a036aa4d39ba,studios.vin,available,6.98,75.98,high,low,7,namecheap,,,18/09/2026 18:25
f6cd96f4-83a5-4a42-bc6c-a6f4e7724157,avellan.vin,available,6.98,75.98,medium,low,7,namecheap,,,07/08/2026 22:24
97da26e0-7b17-42fc-82c6-d568ce7d2c50,dickhead.vin,available,6.98,75.98,medium,low,8,namecheap,,,08/08/2026 23:34
6a106f65-1d8f-4dbe-a329-bce7f35553b0,eulogistic.vin,available,6.98,75.98,medium,low,10,namecheap,,,16/08/2026 23:07
e14eb826-ee46-4cdf-ae00-5aec3934c477,lav.vin,available,6.98,75.98,high,low,3,namecheap,,,09/09/2026 02:16
8ff9d763-7972-4908-8437-c1b41ace19f8,tactless.vin,available,6.98,75.98,medium,low,8,namecheap,,,11/09/2026 07:02
a5acd17f-4bca-4b7c-a609-e71f20d91050,himalayan.vin,available,6.98,75.98,high,low,9,namecheap,,,21/08/2026 09:25
a9d31965-cf2b-4f42-abf0-ce5c2684117d,bennie.vin,available,8.99,59.99,high,low,6,namesilo,,,23/09/2026 08:32
f37142f4-3f6d-483f-bbde-2a157f23b3ce,album.vin,available,11.99,,high,low,5,name.com,,,
581baa41-8c5f-4276-a951-a4618dc565ab,defile.vin,available,6.98,75.98,medium,low,6,namecheap,,,24/08/2026 12:53
a83b11db-2a1f-46c2-9cc4-79ef5341f692,baldhead.vin,available,8.99,59.99,high,low,8,namesilo,,,21/09/2026 21:41
ac3ce7b3-fbf2-4c0b-b2dc-76be545d43a7,alkaline.vin,available,8.99,59.99,high,low,8,namesilo,,,22/09/2026 00:14
9a0dd252-6532-4235-aef0-2807f17f5ddc,bulletin.vin,available,6.98,75.98,high,low,8,namecheap,,,24/09/2026 11:08
e42fdd89-7ee5-490f-b5a2-c884fd9b1a4a,foetid.vin,available,6.98,75.98,medium,low,6,namecheap,,,18/08/2026 02:26
bff88156-d3f5-405f-8605-9a1a32698825,pasang.vin,available,6.98,75.98,medium,low,6,namecheap,,,23/09/2026 12:24
edda95a8-600f-438d-ab2d-863522ab29d4,compatibly.vin,available,6.98,75.98,medium,low,10,namecheap,,,14/09/2026 07:43
12733c2c-4069-4569-b32b-cd965d3f8fe1,improvised.vin,available,6.98,75.98,high,low,10,namecheap,,,21/08/2026 23:19
27fd7d11-9549-43d1-b8f1-f50e3f0bebee,acadian.vin,available,6.98,75.98,high,low,7,namecheap,,,16/09/2026 20:29
53de0278-c84b-4b3a-95d7-a1c2e59835f8,learns.vin,available,8.99,59.99,medium,low,6,namesilo,,,20/09/2026 05:46
130685a1-dba3-4427-b98e-d8fc93e96add,spontaneous.vin,available,11.99,,high,low,11,name.com,,,
971dd7bd-4236-4b9d-ba90-6e6df319e7ad,pretense.vin,available,8.99,59.99,high,low,8,namesilo,,,25/09/2026 16:21
95546692-2324-47c1-9efd-ab63ead457cc,carthage.vin,available,8.99,59.99,medium,low,8,namesilo,,,25/09/2026 04:02
af11670d-f8a1-4565-b22c-30c22da6da5f,taxman.vin,available,6.98,75.98,medium,low,6,namecheap,,,24/09/2026 16:18
25151970-7e42-486e-9277-10eb7ecba63c,adultery.vin,available,8.99,59.99,medium,low,8,namesilo,,,17/09/2026 10:25
db902f4a-e908-4e35-b7f8-98a7fd741ca8,choler.vin,available,8.99,59.99,medium,low,6,namesilo,,,19/09/2026 06:04
d7cbb502-c711-4075-85f0-6b62ba888433,gallery.vin,available,6.98,75.98,high,low,7,namecheap,,,20/09/2026 09:55
ba73d9ff-eef9-47ea-b2c8-6ed0ad9d61b7,uncovered.vin,available,6.98,75.98,high,low,9,namecheap,,,12/09/2026 06:20
f7b1892e-a0cc-45c4-ab35-ef02d982e0a2,theorise.vin,available,8.99,59.99,high,low,8,namesilo,,,24/09/2026 17:20
e08257cf-fa31-4a33-b972-6bbede36383e,frilled.vin,available,6.98,75.98,medium,low,7,namecheap,,,18/08/2026 15:49
a82553ef-61a8-4c4a-8d4b-7790a900e2c7,amazement.vin,available,6.98,75.98,high,low,9,namecheap,,,18/09/2026 16:18
d2d4a2f8-8dc5-4038-8189-cab4b77c63e4,consular.vin,available,6.98,75.98,high,low,8,namecheap,,,12/08/2026 23:02
33b5af1a-9768-4c08-9117-2cfa3fda395b,anyone.vin,available,11.99,,medium,low,6,name.com,,,
8e2bfed6-b5dc-45db-8600-8e13fc819624,nasty.vin,available,6.98,75.98,medium,low,5,namecheap,,,13/08/2026 08:48
468992bd-9e0e-421d-8425-ba593afa1fbf,bagpipe.vin,available,6.98,75.98,high,low,7,namecheap,,,21/09/2026 18:26
ffab6a78-11e7-4c3f-840f-6a225cc002d1,many.vin,available,8.99,59.99,high,low,4,namesilo,,,25/09/2026 16:43
c47bafe2-c42e-4fa0-86b6-514edb0bab3a,served.vin,available,6.98,75.98,high,low,6,namecheap,,,25/09/2026 17:23
a9318692-caad-47bf-bf61-999fa5e7edac,computable.vin,available,6.98,75.98,high,low,10,namecheap,,,12/08/2026 19:42
c88f7449-cb5c-4846-a616-4ca78b619d51,burred.vin,available,6.98,75.98,medium,low,6,namecheap,,,08/08/2026 17:23
ff457fb1-e87f-48c2-be38-afe9bb7ceee5,rush.vin,available,8.99,59.99,high,low,4,namesilo,,,24/09/2026 18:44
cd5d5447-45c4-4f7e-b931-c1bfabf74916,threepenny.vin,available,6.98,75.98,medium,low,10,namecheap,,,10/09/2026 09:08
d90a262f-fd54-47a7-a578-4a2575e721aa,achy.vin,available,6.98,75.98,medium,low,4,namecheap,,,
85e439e3-c0ed-4aa0-9507-168c2f2a508c,angioma.vin,available,8.99,59.99,medium,low,7,namesilo,,,19/09/2026 06:14
168ab101-f2ca-47f6-bcc8-29501d716356,horrified.vin,available,6.98,75.98,medium,low,9,namecheap,,,21/08/2026 14:14
0ccba21d-59a3-4d22-b0c1-d7c570ab2874,pinging.vin,available,11.99,,medium,low,7,name.com,,,
aede696d-23e0-4b06-a41d-4219d5749f5f,somme.vin,available,8.99,59.99,medium,low,5,namesilo,,,22/09/2026 16:09
804cdfdd-d84e-4dde-ae91-31e6ca7671a3,jerome.vin,available,8.99,59.99,high,low,6,namesilo,,,25/09/2026 05:46
d075206d-b22e-4798-994d-626033e6219f,billyho.vin,available,6.98,75.98,medium,low,8,namecheap,,,18/09/2026 09:17
10267ba3-bf6f-44ae-afa2-c08d040ad703,schnabel.vin,available,8.99,59.99,high,low,8,namesilo,,,20/09/2026 12:04
a3f74236-c05f-40f3-9ff5-9f68d42cb987,disappointed.vin,available,11.99,,medium,low,12,name.com,,,
aad164e9-bb50-4241-a1af-9892c063d7ad,hua.vin,available,8.99,59.99,high,low,3,namesilo,,,18/09/2026 01:18
7e8118e6-c9ca-409e-a5c5-8edbafa5cda2,doggedly.vin,available,6.98,75.98,medium,low,8,namecheap,,,14/09/2026 13:33
f4dfc797-e98e-4a2a-930a-730c3171b820,colourless.vin,available,6.98,75.98,medium,low,10,namecheap,,,12/08/2026 17:55
daf774db-6cf1-4b84-bd09-698cbc21f153,bone.vin,available,8.99,59.99,high,low,4,namesilo,,,22/09/2026 23:37
a94ff364-0551-4f09-a5aa-25e448a6289f,customary.vin,available,6.98,75.98,high,low,9,namecheap,,,13/08/2026 12:29
3cf717f8-b0f9-447e-a6c0-6e8a04f4d34b,exhibition.vin,available,11.99,,high,low,10,name.com,,,
31becae4-ed63-4c92-977b-dc5d78b5f8dc,blackguard.vin,available,8.99,59.99,medium,low,10,namesilo,,,24/09/2026 02:20
9628ca01-30fa-4adb-a4fe-dc449ef24e71,imagine.vin,available,11.99,,high,medium,7,name.com,,,
7f2f410e-0ba9-4e9d-9145-c201ef0a562a,genuine.vin,available,8.99,59.99,high,low,7,namesilo,,,24/09/2026 13:20
fd6a4d01-3ac2-4f1e-819b-4d4f7e4155dc,optative.vin,available,6.98,75.98,medium,low,8,namecheap,,,04/09/2026 16:54
5fe830a2-6e35-4c55-b63d-6c382a649fac,analyzable.vin,available,6.98,75.98,medium,low,10,namecheap,,,
6f891c6b-1e3b-4b8a-95c5-b9f07eccd1dc,acerb.vin,available,6.98,75.98,medium,low,5,namecheap,,,
f713cad0-7d58-4157-8b3e-af6bdd8ee3ab,visually.vin,available,8.99,59.99,high,low,8,namesilo,,,16/09/2026 11:04
98c535c7-1383-4df6-a0c9-af0ca2840165,clinched.vin,available,6.98,75.98,medium,low,8,namecheap,,,12/08/2026 10:46
aeafa260-bb0c-404e-b661-a6d76b7a431b,halt.vin,available,8.99,59.99,high,low,4,namesilo,,,24/09/2026 01:49
dae00b32-748b-4346-bfee-0de34614a045,clipboards.vin,available,8.99,59.99,medium,low,10,namesilo,,,20/09/2026 11:59
8edb6055-d5db-4bd1-980a-fde6477a60af,cacomistle.vin,available,8.99,59.99,medium,low,10,namesilo,,,22/09/2026 12:02
1ca22e84-438f-4e69-831e-bcf3925613f0,dominate.vin,available,6.98,75.98,high,low,8,namecheap,,,16/09/2026 01:33
bd6e079a-1ef3-466c-93e5-7163f40c576e,foliose.vin,available,6.98,75.98,medium,low,7,namecheap,,,18/08/2026 10:11
de27fbca-d54e-424b-a8ab-f7d638cf8693,barometric.vin,available,6.98,75.98,medium,low,10,namecheap,,,08/08/2026 20:06
769d230f-a46a-4a81-a6cc-3633aa25c55a,baeda.vin,available,8.99,59.99,medium,low,5,namesilo,,,21/09/2026 17:19
78492eba-7638-48e8-aa75-26f50a7c2884,pacifier.vin,available,8.99,59.99,high,low,8,namesilo,,,21/09/2026 13:07
f7282fca-49d1-4e03-8477-0f0ad1e2d639,airhead.vin,available,6.98,75.98,high,low,7,namecheap,,,17/09/2026 23:11
1aca2462-b313-4e5d-895a-71ca7289f912,admittance.vin,available,8.99,59.99,high,low,10,namesilo,,,16/09/2026 22:13
d2b02055-63f1-4d6d-947b-734e1829f373,catarrhal.vin,available,6.98,75.98,medium,low,9,namecheap,,,11/08/2026 21:09
46c271b4-a422-42b4-8190-97674c185c39,pamper.vin,available,11.99,,high,low,6,name.com,,,
d49dfb66-4e06-4b48-b437-706a9ec29583,abortus.vin,available,8.99,59.99,medium,low,7,namesilo,,,16/09/2026 16:40
832a62ed-0d1b-4881-b16b-ca3cfc09251e,bounder.vin,available,8.99,59.99,medium,low,7,namesilo,,,24/09/2026 02:20
5c1a295c-f529-4e31-b0bb-5e88332d78d0,whitener.vin,available,8.99,59.99,medium,low,8,namesilo,,,24/09/2026 03:50
c54e9d54-70e0-47bb-b8fa-90b992cf5a7d,conic.vin,available,6.98,75.98,high,low,5,namecheap,,,12/08/2026 20:39
365a5e5f-ccd1-4a95-b783-e694058a43ea,betatron.vin,available,8.99,59.99,medium,low,8,namesilo,,,23/09/2026 11:04
6bb2fa4c-7f58-45d2-bed1-58368d5fa95e,asterisk.vin,available,8.99,59.99,high,low,8,namesilo,,,20/09/2026 17:11
7058b585-0c71-4632-b9ea-875b5a1a9f8b,standby.vin,available,6.98,75.98,high,low,8,namecheap,,,10/09/2026 18:37
cb23ea7e-c371-42bb-8945-00d73bc482bc,infected.vin,available,6.98,75.98,high,low,8,namecheap,,,22/08/2026 04:09
822eef90-7192-4888-8521-889d5da87d09,courteous.vin,available,8.99,59.99,high,low,9,namesilo,,,24/09/2026 00:40
8a6705e2-3f98-4aa9-bc0c-011d0bc44824,haircut.vin,available,11.99,,high,low,7,name.com,,,
b6fcb36a-b6c8-48d0-8c95-ae7dc49205a1,animus.vin,available,8.99,59.99,medium,low,6,namesilo,,,19/09/2026 09:22
5f5353dd-afb1-49f5-8184-c9167421d826,triumphant.vin,available,6.98,75.98,high,low,10,namecheap,,,17/08/2026 19:56
e55686c9-98fd-47e7-ad78-45141803e765,gladsome.vin,available,6.98,75.98,high,low,8,namecheap,,,19/08/2026 00:13
65283019-eddc-401f-a536-ae005735dea1,octavo.vin,available,8.99,59.99,medium,low,6,namesilo,,,16/09/2026 12:43
3ab6dd30-78ad-44d1-9005-d1aa547694ea,idyll.vin,available,6.98,75.98,high,low,5,namecheap,,,08/09/2026 10:11
993eefab-2339-49fb-86a2-b7137b5d48e9,burly.vin,available,6.98,75.98,medium,low,5,namecheap,,,09/08/2026 07:54
bc00a4be-07d8-4a36-9d91-2f7f823ddb20,uncounted.vin,available,6.98,75.98,high,low,9,namecheap,,,13/08/2026 03:44
7328b28b-ce44-4d68-ae08-2934cf17bf9e,planning.vin,available,11.99,,high,low,8,name.com,,,
8e8f69f6-7412-4d75-8109-440238de8b6a,anisoptera.vin,available,8.99,59.99,medium,low,10,namesilo,,,19/09/2026 09:34
617d9f98-c836-404f-9dc1-bd323d516d4b,blanquillo.vin,available,8.99,59.99,medium,low,10,namesilo,,,24/09/2026 04:04
54c0d79f-bcaf-4961-ab00-bf4d3ffceff8,plugged.vin,available,6.98,75.98,high,low,7,namecheap,,,08/09/2026 21:30
19ac9028-88b1-434d-9076-395945e5177c,sixty.vin,available,6.98,75.98,high,low,5,namecheap,,,
0f83c248-f841-44ac-8059-aca714466d7a,egoistic.vin,available,6.98,75.98,medium,low,8,namecheap,,,15/08/2026 18:54
feae4588-388e-47f9-81d8-111cb2b8cfff,authorities.vin,available,8.99,59.99,high,low,11,namesilo,,,27/09/2026 02:17
189c8391-7d3d-4ca6-82f3-fd9fb13fe83b,fedex.vin,available,11.99,,high,low,5,name.com,,,
1e1deaa3-12db-406c-a863-802bb433fcc0,replies.vin,available,8.99,59.99,medium,low,7,namesilo,,,18/09/2026 09:15
2de66ce1-3e64-4661-a625-16135222e751,management.vin,available,8.99,59.99,high,low,10,namesilo,,,19/09/2026 14:24
444bd49b-d702-49a7-a8b6-8140fdf11085,bearskin.vin,available,11.99,77.99,high,low,8,name.com,,,22/09/2026 21:25
ece58e64-81b5-47d8-886a-dfe3b156d362,quibble.vin,available,8.99,59.99,high,low,7,namesilo,,,23/09/2026 13:17
52cadcee-1706-429f-b8ad-d3e5839c770a,bordered.vin,available,8.99,59.99,high,low,8,namesilo,,,22/09/2026 23:55
f1985227-9298-436e-b49b-7edc99d205f2,canberra.vin,available,8.99,59.99,high,low,8,namesilo,,,21/09/2026 04:47
91c97225-1c56-4737-be72-991d514b5e29,gerard.vin,available,8.99,59.99,medium,low,6,namesilo,,,25/09/2026 13:17
f6ca5230-ab43-420e-8288-28918742c8d9,jitney.vin,available,8.99,59.99,medium,low,6,namesilo,,,21/09/2026 05:56
abf7068d-21eb-46fb-b433-b5f13d334adf,illative.vin,available,6.98,75.98,medium,low,8,namecheap,,,21/08/2026 19:47
fe281432-c6dc-4b24-9077-79e996b85594,puzzled.vin,available,6.98,75.98,high,low,7,namecheap,,,07/08/2026 10:53
6c8305b5-c278-4677-9899-502cfa3b0f11,burbling.vin,available,6.98,75.98,medium,low,8,namecheap,,,11/08/2026 10:10
b2dd91ee-557a-427b-8cd2-fad813f691a9,fondness.vin,available,6.98,75.98,high,low,8,namecheap,,,17/09/2026 14:17
d8489455-9459-4d78-97f8-fff61893a035,uptown.vin,premium,118.8,118.8,high,low,6,namesilo,,,12/09/2026 23:28
e7f49b5e-8e2e-4ed2-b11a-f1046a49fb7b,anapurna.vin,available,8.99,59.99,medium,low,8,namesilo,,,19/09/2026 02:22
d48664a0-08a9-4689-b102-a8f0af008a19,synaptic.vin,available,6.98,75.98,high,low,8,namecheap,,,11/09/2026 06:09
94442d18-3224-4798-8494-87495b83424c,clothing.vin,available,6.98,75.98,high,low,8,namecheap,,,23/09/2026 08:13
4aff4e8a-7c2c-407b-b7b2-123ab191beac,breakfasts.vin,available,8.99,59.99,medium,low,10,namesilo,,,20/09/2026 13:21
b99ae0a3-6137-4d5c-95b8-e3de55c56685,packable.vin,available,6.98,75.98,medium,low,8,namecheap,,,04/09/2026 22:41
70fd9994-b2b5-4130-bf0e-dbfbc0b73ce8,capability.vin,available,8.99,59.99,high,low,10,namesilo,,,24/09/2026 12:11
e9bfa6f8-95ff-4a88-bba6-3c149798bcac,iffy.vin,available,6.98,75.98,medium,low,4,namecheap,,,18/08/2026 09:22
fda57494-85a7-465b-9851-49d603889e7c,gaslit.vin,available,8.99,59.99,medium,low,6,namesilo,,,17/09/2026 16:25
779863c6-1450-46cd-9fa8-8a94c9271961,markets.vin,available,8.99,59.99,high,low,7,namesilo,,,23/09/2026 06:42
a84b56b9-1648-486b-a0e3-174f849814cf,barrack.vin,available,6.98,75.98,medium,low,7,namecheap,,,22/09/2026 07:48
472b9e44-a2b0-430b-95b7-15ba8860038b,purchaser.vin,available,8.99,59.99,high,low,9,namesilo,,,24/09/2026 11:22
54d69748-0726-4112-80aa-5e6822f37590,germy.vin,available,6.98,75.98,medium,low,5,namecheap,,,18/08/2026 22:53
192cbf59-7ec7-4315-99c3-40cc9f6473f9,brooding.vin,available,6.98,75.98,high,low,8,namecheap,,,11/08/2026 05:52
0cb9a178-05de-4f8e-b740-2f92c8327ed5,illume.vin,available,6.98,75.98,high,low,6,namecheap,,,23/08/2026 02:41
77be093f-b151-41e0-95bf-f570afffc4a4,graphical.vin,available,6.98,75.98,high,low,9,namecheap,,,20/08/2026 18:11
3e0bd7a3-fd9a-45bf-b193-0c2102996d4a,crushed.vin,available,6.98,75.98,high,low,7,namecheap,,,13/08/2026 09:11
7dee3991-c140-422a-96ed-adea6ea13ecf,barnburner.vin,available,8.99,59.99,medium,low,10,namesilo,,,22/09/2026 06:49
2625de93-4429-4c51-b415-f619ef9dd809,soundlike.vin,available,11.99,,low,low,10,name.com,,,
73edfeea-393f-471a-b88d-05857d0f0af4,spry.vin,available,6.98,75.98,high,low,4,namecheap,,,
bb743489-5bd0-4e79-8cfc-9299de8e31e4,corrode.vin,available,6.98,75.98,medium,low,7,namecheap,,,09/09/2026 20:10
4485945d-1088-45ad-b043-75d1c9805efe,posting.vin,available,11.99,,high,low,7,name.com,,,
1e8e79e0-de26-4369-b563-78e8179b7872,kenny.vin,available,8.99,59.99,medium,low,5,namesilo,,,26/09/2026 03:38
083b1623-7afb-4334-8223-9fa2d7aede3d,charily.vin,available,6.98,75.98,medium,low,7,namecheap,,,14/09/2026 06:17
0c21844a-0119-4172-ab83-c206135894c4,vanquish.vin,available,6.98,75.98,high,low,8,namecheap,,,09/08/2026 05:32
1e3c77f9-e5bd-4741-b8bf-d131d3aab191,biltong.vin,available,8.99,59.99,medium,low,7,namesilo,,,23/09/2026 16:53
0754db86-ffaa-4a70-afac-5c50c8d29c62,delusion.vin,available,8.99,59.99,high,low,8,namesilo,,,24/09/2026 21:45
efe8bdf3-9ffc-444a-bd0e-e06debb29c54,repulsive.vin,available,6.98,75.98,medium,low,9,namecheap,,,
e07be0fb-a391-4b96-8390-b67852a747ba,brass.vin,available,11.99,,high,low,5,name.com,,,
0de93fe6-6571-47e7-abe9-e375e42e82af,buffet.vin,available,8.99,59.99,high,low,6,namesilo,,,19/09/2026 17:05
32d82efc-469c-4aa0-8f1e-bc57eb535ac7,horns.vin,available,6.98,75.98,medium,low,5,namecheap,,,17/09/2026 08:11
cb582ee4-f3b6-4056-8555-8aeabb29978b,processed.vin,available,8.99,59.99,high,low,9,namesilo,,,23/09/2026 15:59
4d1e2030-a45a-48b8-a171-ac0141acd8a3,praising.vin,available,6.98,75.98,high,low,8,namecheap,,,22/08/2026 20:53
1c88d35e-3888-4c58-be76-f2a31caeb9d1,suppertime.vin,available,6.98,75.98,high,low,10,namecheap,,,24/09/2026 22:23
ab207de0-3f11-4f4f-8ece-ac9863878fb8,sophie.vin,available,8.99,59.99,high,low,6,namesilo,,,25/09/2026 11:44
6aa9e4e1-c6f3-4357-ad57-46d0ad2372d7,assertive.vin,available,6.98,75.98,medium,low,9,namecheap,,,07/08/2026 05:59
38b60919-a11c-4582-8258-d5f3f01f0a55,apparatus.vin,available,6.98,75.98,high,low,9,namecheap,,,19/09/2026 19:49
379da446-173d-415b-95c7-a9ab01437c40,arguing.vin,available,8.99,59.99,high,low,7,namesilo,,,20/09/2026 04:50
ec8169f9-7622-443a-b7dd-26fc7098766d,slacking.vin,available,11.99,,medium,low,8,name.com,,,
2fcf4899-cd0d-4f92-84f5-feb41e042e6a,influential.vin,available,6.98,75.98,high,low,11,namecheap,,,08/09/2026 05:20
5afdaaed-86b5-416a-b798-07fa5eea5a7f,birmingham.vin,available,6.98,75.98,high,low,10,namecheap,,,11/08/2026 06:43
5c4c74a4-67e4-4bae-a6c4-94f1b4dd6b1f,gip.vin,available,6.98,75.98,medium,low,3,namecheap,,,14/09/2026 08:07
e0f46269-f4e0-4914-bfe2-2d6426bda3f4,notions.vin,available,11.99,,medium,low,7,name.com,,,
ba41cb59-bb58-4e23-9f41-5ce855b08a8d,dogsledding.vin,available,6.98,75.98,medium,low,11,namecheap,,,20/09/2026 01:02
5f96df48-3921-43ad-aa8c-2b16639d8355,greenside.vin,available,6.98,75.98,medium,low,9,namecheap,,,20/08/2026 19:54
a3adebcc-cc77-4eb8-a668-4efadaf969e2,sargent.vin,available,8.99,59.99,high,low,7,namesilo,,,27/09/2026 04:36
74761e2d-29a7-4ef9-b7d8-0e79a2a46f88,cup.vin,available,6.98,75.98,high,low,3,namecheap,,,19/09/2026 14:42
792ab2d5-330e-45e7-aa8f-c90231fb4c54,grave.vin,available,6.98,75.98,high,low,5,namecheap,,,20/08/2026 18:38
efbe09e4-02cd-4327-ad83-aa4b0cb3fa13,deletion.vin,available,6.98,75.98,high,low,8,namecheap,,,24/09/2026 21:34
0720bfd3-2aee-4edd-acb7-46006a13e692,soprano.vin,available,6.98,75.98,high,low,7,namecheap,,,10/09/2026 14:24
6995a7f9-0c00-4cc7-8467-dd08b24b6e27,aqueous.vin,available,6.98,75.98,high,low,7,namecheap,,,06/08/2026 10:50
11e02109-4f6d-43f1-be26-c5646028f6cf,licked.vin,available,6.98,75.98,medium,low,6,namecheap,,,23/08/2026 01:00
ad55a037-631b-42d4-9c05-986a6c53c15d,amber.vin,available,8.99,59.99,high,low,5,namesilo,,,22/09/2026 03:52
eee7623f-ba69-467f-a053-eeb9bb4f453b,kicking.vin,available,11.99,,high,low,7,name.com,,,
b928e94b-f10f-40cd-8b02-903f955d1518,alcalde.vin,available,8.99,59.99,high,low,7,namesilo,,,18/09/2026 03:47
1553e8c3-0b1d-4463-8bab-0bd5df568b90,zodiacal.vin,available,6.98,75.98,medium,low,8,namecheap,,,13/09/2026 15:23
ae1ed86c-22d7-46c1-bfdd-04ab5c751dd3,demonstration.vin,available,11.99,,high,low,13,name.com,,,
9da83136-6482-4295-96c1-9f956fd98e54,bahreini.vin,available,6.98,75.98,medium,low,8,namecheap,,,08/08/2026 08:41
cf28e455-f6ac-48e0-9592-8ff3338ee536,proverb.vin,available,8.99,59.99,high,low,7,namesilo,,,17/09/2026 06:07
ee5ad2da-b26a-4c93-96f7-287be9f3233d,shelling.vin,available,8.99,59.99,medium,low,8,namesilo,,,22/09/2026 08:00
14334d44-a2c7-440d-a32a-86db4166030f,marguerite.vin,available,8.99,59.99,high,low,10,namesilo,,,20/09/2026 04:58
e9bc9b2a-0f57-4c53-9fdd-90aea5e16466,mixture.vin,available,8.99,59.99,high,low,7,namesilo,,,25/09/2026 21:57
f5c8de80-f4e4-417b-80d0-6c283130ff2b,paramount.vin,available,6.98,75.98,high,low,9,namecheap,,,04/09/2026 21:41
20713b3f-1738-42f3-9bcc-ca62af504d01,feelingly.vin,available,6.98,75.98,medium,low,9,namecheap,,,14/09/2026 18:18
e82874e9-de1d-46aa-abeb-43b22ee167a4,umpteen.vin,available,6.98,75.98,medium,low,7,namecheap,,,11/09/2026 23:06
39975deb-ddf2-4725-bdaa-7071aadd3105,cleveland.vin,available,11.99,,high,low,9,name.com,,,
593ac49a-1ac2-4721-8b06-d2ce7400b2a9,raffish.vin,available,11.99,77.99,medium,low,7,name.com,,,13/08/2026 17:31
b59c9c14-21e9-4ac0-9625-c54a40280143,flowing.vin,available,6.98,75.98,high,low,7,namecheap,,,18/08/2026 09:11
d4cc01d8-86cf-458a-b326-9653c33ed43c,comedians.vin,available,8.99,59.99,medium,low,9,namesilo,,,19/09/2026 23:33
54f67fd1-b611-4afa-9a78-eff2a24e97e1,discomfort.vin,available,11.99,,high,low,10,name.com,,,
0d502892-99f4-4957-84ee-d59e5a1aa921,craggy.vin,available,6.98,75.98,medium,low,6,namecheap,,,13/08/2026 04:44
84e152d6-fd98-48c5-bf13-2cc000ea68de,epstein.vin,available,8.99,59.99,high,low,7,namesilo,,,27/09/2026 03:50
03917c57-4d6c-401d-ad59-6aebe38f6f21,pixilated.vin,available,6.98,75.98,low,low,9,namecheap,,,09/08/2026 15:41
1a7800cb-c0ff-445b-b6e8-0e1dc9cac11b,finis.vin,available,6.98,75.98,high,low,5,namecheap,,,12/08/2026 12:06
75d2440a-c609-43cc-b572-f9e92362b83e,dreamily.vin,available,6.98,75.98,medium,low,8,namecheap,,,14/09/2026 14:15
eea19a68-b5b5-4d21-8374-aa4a4682b3c5,chatterbox.vin,available,8.99,59.99,high,low,10,namesilo,,,21/09/2026 12:28
42c77c58-b67c-4405-9819-93e316795953,regret.vin,available,11.99,,high,low,6,name.com,,,
7e27c310-a76b-457b-8ab4-81e4d1ef5ba6,mcmahon.vin,available,8.99,59.99,high,low,7,namesilo,,,25/09/2026 21:50
9116c93a-3ce9-4ac1-91ab-a590fd1e7133,mothy.vin,available,6.98,75.98,low,low,5,namecheap,,,25/08/2026 07:14
de7beb26-833d-471f-86dd-02315a39f758,cloth.vin,available,11.99,,high,low,5,name.com,,,
8be45c1a-ffbb-44bb-93be-7b5d3b803650,cecal.vin,available,6.98,75.98,medium,low,5,namecheap,,,11/08/2026 12:54
718c9a3e-c93b-4187-b0f6-e6f032323fa2,levantine.vin,available,6.98,75.98,medium,low,9,namecheap,,,23/08/2026 00:31
57a46ddb-4351-49cc-8bfa-062247701327,pope.vin,available,11.99,,high,low,4,name.com,,,
d891f5e6-7dbb-42b4-80c8-a8af09770a82,badminton.vin,available,8.99,59.99,high,low,9,namesilo,,,21/09/2026 17:13
9c540e08-de0b-4816-b6ff-72f639c19c94,seaworthy.vin,available,6.98,75.98,high,low,9,namecheap,,,10/09/2026 01:05
6c2bf404-baf7-4c0b-a8ec-d112be9b92be,ungrateful.vin,available,6.98,75.98,medium,low,10,namecheap,,,11/09/2026 12:26
13d63408-b9fe-4f2d-95b0-6ca668fc08db,kilogramme.vin,available,11.99,,medium,low,10,name.com,,,
ab1ba7c8-8147-48bf-bde6-54d67bfbf374,hostelry.vin,available,6.98,75.98,medium,low,8,namecheap,,,21/09/2026 02:26
f8244783-f256-4b2e-8f25-5d3cf8aa2557,fleming.vin,available,8.99,59.99,high,low,7,namesilo,,,18/09/2026 05:49
40035994-0a3e-49ef-a650-7374e80179fc,wayward.vin,available,6.98,75.98,high,low,7,namecheap,,,13/09/2026 08:49
53a3ef69-9bca-4b72-ace2-cdef86a4c201,gobs.vin,available,6.98,75.98,high,low,4,namecheap,,,14/09/2026 23:34
13a0d124-232d-4b00-a417-c52319babeef,provisions.vin,available,6.98,75.98,high,low,10,namecheap,,,08/09/2026 08:15
212e2a92-88bc-4ce7-a9b5-1f117eaba3ec,centimetre.vin,available,6.98,75.98,high,low,10,namecheap,,,24/09/2026 13:35
0c381442-a71b-498d-8b2d-ceaa1c6bef8b,alkalinity.vin,available,8.99,59.99,medium,low,10,namesilo,,,18/09/2026 08:19
fdee7af7-083b-4755-b4e8-f6653140f806,increased.vin,available,8.99,59.99,high,low,9,namesilo,,,25/09/2026 08:09
c16823c3-0d1b-4f5a-8097-ad002ed93a01,canal.vin,available,11.99,,high,low,5,name.com,,,
14950536-cbc4-4c41-8836-df30eb7da84f,paraffin.vin,available,6.98,75.98,high,low,8,namecheap,,,18/09/2026 08:24
81aff943-9e97-472f-b439-0a4f6027ca2c,devout.vin,available,6.98,75.98,high,low,6,namecheap,,,14/08/2026 05:17
35af0e79-d626-49d7-bac5-07c1aed89839,scale.vin,available,11.99,,high,medium,5,name.com,,,
cf5ade94-716e-45a7-a8b1-9636cafe11de,hungry.vin,available,8.99,59.99,high,low,6,namesilo,,,25/09/2026 06:41
ce662c9c-73c2-40ed-a74a-7dc8e1b0a5b9,chopped.vin,available,6.98,75.98,high,low,7,namecheap,,,12/08/2026 06:57
c8e67cfa-6c19-40d1-a27d-34eebd90bc2a,attracted.vin,available,6.98,75.98,high,low,9,namecheap,,,26/09/2026 03:10
758f9dd4-72d8-4543-b540-c19fb77ffd4d,sourish.vin,available,6.98,75.98,high,low,7,namecheap,,,22/08/2026 23:29
937ac0ea-ed34-4a27-a6a7-46dca4a4cb2a,treble.vin,available,6.98,75.98,high,low,6,namecheap,,,14/08/2026 16:41
5a739f04-7ea6-4a85-9ef0-08d3245ebb02,smoldering.vin,available,6.98,75.98,medium,low,10,namecheap,,,10/09/2026 12:01
3058a45c-396f-43cc-920d-479ef630e416,reporter.vin,available,8.99,59.99,high,low,8,namesilo,,,25/09/2026 09:33
4e88531e-c4ec-4418-b33d-13b4d9313573,luminous.vin,available,6.98,75.98,high,low,8,namecheap,,,
13de5598-9188-43e8-8f76-d574a0282210,jailed.vin,available,8.99,59.99,medium,low,6,namesilo,,,19/09/2026 04:16
21230a8e-8549-4116-a173-4f6737f37516,bait.vin,available,6.98,75.98,high,low,4,namecheap,,,21/09/2026 19:42
4ec9c3e1-e3a5-4c58-8f2f-2ddc9ba92be0,frilly.vin,available,6.98,75.98,medium,low,6,namecheap,,,18/08/2026 15:51
547bb78d-95c7-42b8-a829-0aa1168dca64,leadership.vin,available,11.99,,high,low,10,name.com,,,
0dffca87-7219-43a7-b5e3-21fc2a2df12a,costate.vin,available,6.98,75.98,medium,low,7,namecheap,,,13/08/2026 03:06
f1d492c3-88b6-40ea-b37b-ed9136f3b7d6,defective.vin,available,6.98,75.98,medium,low,9,namecheap,,,13/08/2026 23:06
3edb64cc-fded-4069-9c06-5924f707737e,tasteful.vin,available,6.98,75.98,high,low,8,namecheap,,,11/09/2026 09:00
2627553b-0d4a-4e5e-bd01-62955718cb99,onto.vin,available,11.99,,high,low,4,name.com,,,
5069c9b4-2c75-4ed0-a401-757377998240,patented.vin,available,6.98,75.98,high,low,8,namecheap,,,08/09/2026 10:24
f11088d4-1f78-4732-9a92-250139f926e4,pacify.vin,available,6.98,75.98,high,low,6,namecheap,,,18/08/2026 22:00
5470db54-cf8f-4ba2-862d-0bc36020c311,alkaloid.vin,available,6.98,75.98,high,low,8,namecheap,,,18/09/2026 08:21
7ad7ee75-2136-4212-8d6d-0d94173fe076,contacts.vin,available,6.98,75.98,high,low,8,namecheap,,,19/09/2026 20:06
8bd96a22-1cb8-4c9d-9958-248193ee46d9,ahead.vin,available,8.99,59.99,high,low,5,namesilo,,,21/09/2026 23:29
bfc8f2fe-49a0-473a-8a31-2a0556e69e7e,bestseller.vin,available,8.99,59.99,high,low,10,namesilo,,,23/09/2026 10:31
ca8a68fb-60eb-455f-9612-346eb17094f4,semisolid.vin,available,6.98,75.98,medium,low,9,namecheap,,,10/09/2026 03:26
d666b82f-99f4-4fc6-b323-e2734a1e7bc3,general.vin,available,6.98,75.98,high,low,7,namecheap,,,18/08/2026 21:23
d32bdc83-cf39-484e-8c7b-8f79f417abbf,polychrome.vin,available,6.98,75.98,high,low,10,namecheap,,,08/09/2026 23:11
f78aba39-8945-4158-8db6-8300a0b3c794,pedantic.vin,available,6.98,75.98,medium,low,8,namecheap,,,14/08/2026 15:55
75b163a1-d48c-4a0c-bd19-b4cd3de90662,hiding.vin,available,6.98,75.98,high,low,6,namecheap,,,08/09/2026 11:45
4c733a88-0ef4-480a-88b7-e4e064316005,tectonic.vin,available,6.98,75.98,high,low,8,namecheap,,,06/08/2026 15:47
55ea3cc3-9971-41e2-aab1-b0ce968e9f5c,hexad.vin,available,6.98,75.98,medium,low,5,namecheap,,,
4729daa3-1d48-49c2-a21a-f9d9ddad8581,concept.vin,available,6.98,75.98,high,low,7,namecheap,,,24/09/2026 17:05
890d4d8e-b513-4333-86ed-c62e94dec39e,immerse.vin,available,6.98,75.98,high,low,7,namecheap,,,10/09/2026 19:49
60c434bd-79b5-4c16-961f-e5fa37c879e4,plushy.vin,available,6.98,75.98,high,low,6,namecheap,,,24/08/2026 11:02
840b3dd1-3b31-4cc3-aff1-48705207006b,rile.vin,available,11.99,,medium,low,4,name.com,,,
9d40b825-05fd-473f-943f-d96831afa603,snuck.vin,available,8.99,59.99,medium,low,5,namesilo,,,20/09/2026 23:46
b4455e19-d731-4b88-acb0-f37c5a5f105a,overstep.vin,available,6.98,75.98,high,low,8,namecheap,,,11/09/2026 17:25
8b27111d-79d1-4423-8d3f-9cefdd528bf8,serve.vin,available,11.99,,high,low,5,name.com,,,
60845ba6-dee4-4f3a-9af7-8375d41104c4,assail.vin,available,8.99,59.99,medium,low,6,namesilo,,,20/09/2026 15:49
5b3fe440-add0-4a76-8e5d-988d86b0a0c5,scruffy.vin,available,6.98,75.98,medium,low,7,namecheap,,,10/09/2026 00:25
d5e01e2f-e0e9-4527-b3ac-fe2aaea3d248,bandwagon.vin,available,8.99,59.99,high,low,9,namesilo,,,22/09/2026 01:35
826305f6-8902-4f61-8334-ffc9b6743e40,apache.vin,available,8.99,59.99,high,low,6,namesilo,,,19/09/2026 16:09
b98e718d-c1fa-4977-a9dd-6b895ed669d3,meanly.vin,available,6.98,75.98,medium,low,6,namecheap,,,13/09/2026 23:32
10daf1d2-a1b3-42b2-85bf-14808ad87292,blessedly.vin,available,6.98,75.98,medium,low,9,namecheap,,,14/09/2026 00:19
6df29ada-b60b-4363-a16c-dd2ba45f38f1,acinar.vin,available,6.98,75.98,medium,low,6,namecheap,,,
04d667a5-c777-40c5-a84c-abf32b0c2244,spastic.vin,available,6.98,75.98,medium,low,7,namecheap,,,13/08/2026 00:06
b520bb45-e306-44a6-88bf-8597671b01a6,proud.vin,available,11.99,,high,low,5,name.com,,,
b0712441-8e01-4a73-8aed-fe1fb2dc56c9,entertainment.vin,available,8.99,59.99,high,low,13,namesilo,,,25/09/2026 02:31
a4ccbf57-f067-4372-9413-74b1f0e5070f,bellow.vin,available,8.99,59.99,medium,low,6,namesilo,,,23/09/2026 06:17
8c8ebb7e-4c14-4bc2-bc3a-1ad9abc1a7e4,between.vin,available,11.99,,high,low,7,name.com,,,
76b2d775-3d7d-48b5-a6a1-d3b30574641d,blok.vin,available,8.99,59.99,high,low,4,namesilo,,,18/09/2026 05:01
02cbe980-6752-4689-820f-dde1fb8833f2,rigorously.vin,available,6.98,75.98,medium,low,10,namecheap,,,15/09/2026 23:46
c7ffeac1-83c4-463f-b0f1-2022aee79879,genital.vin,available,6.98,75.98,medium,low,7,namecheap,,,18/08/2026 21:40
3ad5394a-5102-4d7c-91ac-bce1951ef24e,dazzling.vin,available,6.98,75.98,high,low,8,namecheap,,,10/08/2026 13:44
e55233b6-f6fb-4d65-9e5e-05e9c586719e,mornings.vin,available,8.99,59.99,high,low,8,namesilo,,,20/09/2026 04:12
37d6cf8b-416a-488f-b6e1-dbedaacb7e38,intent.vin,available,6.98,75.98,high,low,6,namecheap,,,
4290dc10-b388-4d65-ab00-f0a55072e53d,babbling.vin,available,8.99,59.99,high,low,8,namesilo,,,21/09/2026 12:23
ac508efb-0b96-4ad7-9cef-90ea9cd25699,grandfathers.vin,available,8.99,59.99,medium,low,12,namesilo,,,20/09/2026 22:52
07cb6e25-8bd4-4cdb-8459-19ac7f78d6d5,toe.vin,available,11.99,,medium,low,3,name.com,,,
2e1ae9b3-beae-405a-92e4-bb7879b8b97f,upmost.vin,available,6.98,75.98,medium,low,6,namecheap,,,11/09/2026 17:50
f00b40aa-2f71-4ebd-9ce2-5395b9d1ace3,lithuania.vin,available,,,high,high,9,,,,
05d0bf35-870e-44bf-8450-494f98435c9a,atarax.vin,available,6.98,75.98,medium,low,6,namecheap,,,20/09/2026 19:30
5110164e-ef67-457a-a2ee-032bce22cc8e,thermoset.vin,available,6.98,75.98,medium,low,9,namecheap,,,11/09/2026 12:58
2b816904-fc14-4c50-84d4-0bff11c2c1cc,gelatinous.vin,available,6.98,75.98,medium,low,10,namecheap,,,18/08/2026 21:01
a582fc32-3a7c-4f01-aa96-78d0969f100b,bargain.vin,premium,118.8,118.8,high,low,7,namesilo,,,
869c6e3c-4205-4c06-bb89-534defb9a69d,accentor.vin,available,8.99,59.99,medium,low,8,namesilo,,,16/09/2026 21:58
d9495f48-a7c5-462c-ba71-41f75ec27910,shoddy.vin,available,6.98,75.98,medium,low,6,namecheap,,,12/08/2026 03:27
dacb8f49-8d55-4ccf-bccb-a99c55940253,uppermost.vin,available,6.98,75.98,high,low,9,namecheap,,,11/09/2026 17:48
37aa0c7d-ce0c-4791-8be1-4647d8f15405,balkans.vin,available,8.99,59.99,medium,low,7,namesilo,,,21/09/2026 22:15
97990623-7891-4f67-b8d6-d54cb5112ece,rashes.vin,available,8.99,59.99,low,low,6,namesilo,,,19/09/2026 21:50
a0e21853-ab2b-4cc8-841a-cdce20dc43fa,aorist.vin,available,11.99,77.99,medium,low,6,name.com,,,19/09/2026 16:03
8bf8cb64-fa5d-457e-b3be-199a1ae99fd7,fitfully.vin,available,6.98,75.98,medium,low,8,namecheap,,,14/09/2026 18:43
ee63b007-e39a-4669-ac0e-865412ece4dc,heterodyne.vin,available,6.98,75.98,medium,low,10,namecheap,,,21/08/2026 07:29
b18a96d1-2fe0-4fbe-ac46-fa5746240af4,respectful.vin,available,11.99,,high,low,10,name.com,,,
cc420803-1d35-4a25-b248-ff04e6b0abfd,belling.vin,available,8.99,59.99,medium,low,7,namesilo,,,23/09/2026 06:11
25b2ad60-5ca5-4fb8-a647-174737827151,judicial.vin,available,6.98,75.98,high,low,8,namecheap,,,22/08/2026 14:14
10129751-38e0-463e-8f9b-4d2c7b944fd2,figures.vin,available,11.99,,medium,low,7,name.com,,,
efaa73ec-5e24-4080-afd6-51799015caa0,armrest.vin,available,6.98,75.98,medium,low,7,namecheap,,,20/09/2026 07:41
3ee51c80-32e9-4fa1-9679-725356fb1105,secondly.vin,available,11.99,,medium,low,8,name.com,,,
cf5a151f-6422-46cf-93c3-9c01ae09cf49,extropic.vin,available,6.98,75.98,medium,low,8,namecheap,,,17/08/2026 19:38
81ba0491-6da3-4654-ba5c-c4043272ecd1,revocation.vin,available,11.99,77.99,high,low,10,name.com,,,19/09/2026 11:02
6a64696a-7e19-4da9-a6a0-096b638efa0a,computing.vin,available,8.99,59.99,high,low,9,namesilo,,,19/09/2026 12:12
eb4eedcf-8f20-4b07-b965-abec8fb97bc0,deadening.vin,available,6.98,75.98,medium,low,9,namecheap,,,10/08/2026 19:57
9ddb887a-f46d-4caf-b8e2-4d47479efb84,executives.vin,available,8.99,59.99,high,low,10,namesilo,,,21/09/2026 01:35
d81c34a3-1ffb-4d18-8aa5-beb60663fa8b,rude.vin,available,8.99,59.99,high,low,4,namesilo,,,22/09/2026 16:12
978cae60-9ecb-4eb0-b9e6-20b4c2fc796b,orwellian.vin,available,6.98,75.98,medium,low,9,namecheap,,,04/09/2026 18:08
1671a4f9-cc59-47ac-b82c-547f4737f503,branch.vin,available,11.99,,high,low,6,name.com,,,
36bbccc6-88db-4043-a7a0-5c3677ae7c5a,bunghole.vin,available,8.99,59.99,high,low,8,namesilo,,,20/09/2026 09:34
27bae179-28d8-4780-a6a7-92f54011998d,widely.vin,available,11.99,,high,low,6,name.com,,,
aa235617-2c6c-4182-9892-1f9ef12f393a,assuage.vin,available,6.98,75.98,high,low,7,namecheap,,,18/08/2026 22:06
126ce79b-4f2e-4343-8a60-80e6e63a5771,cub.vin,available,6.98,75.98,high,low,3,namecheap,,,24/09/2026 20:02
17d5c089-d6ff-4cc1-875a-cdafaa564731,lamp.vin,available,8.99,59.99,high,low,4,namesilo,,,25/09/2026 11:29
73534a67-f62f-44e3-94ec-ebae0fbd642f,thrilled.vin,available,6.98,75.98,high,low,8,namecheap,,,11/09/2026 14:36
69260116-0ec6-4e19-958a-a0088f36e955,google.vin,available,,,high,high,6,,,,
5be03758-748f-44c5-8df7-e96596a5dc66,quavering.vin,available,6.98,75.98,medium,low,9,namecheap,,,09/09/2026 07:44
4891cca3-a8c0-4b6a-96c7-4b076db35976,compressed.vin,available,6.98,75.98,high,low,10,namecheap,,,23/09/2026 18:05
5f447425-3b76-4350-ac8d-080255628eba,perdurable.vin,available,6.98,75.98,medium,low,10,namecheap,,,08/09/2026 16:24
82173f93-d964-440d-97ba-5bb4abc65bd7,dish.vin,available,6.98,75.98,high,low,4,namecheap,,,19/09/2026 08:19
27f55fe4-a22e-491b-ba76-390464488c44,escape.vin,premium,242,242,high,low,6,namesilo,,,24/09/2026 23:22
4bc28bb3-8bc0-4e31-8a88-1c018684511b,frore.vin,available,6.98,75.98,low,low,5,namecheap,,,18/08/2026 16:21
784c377a-4c29-4e02-9b77-b4d145be2ce3,rekt.vin,available,11.99,,low,low,4,name.com,,,
4fe07bff-74d4-433c-b525-a873b26a9707,grumble.vin,available,6.98,75.98,high,low,7,namecheap,,,20/08/2026 20:38
2b8f9424-f39e-4074-8ebe-78b9528ed147,weirdo.vin,available,6.98,75.98,high,low,6,namecheap,,,13/08/2026 05:38
bb3e875d-d2a9-4386-a8f3-0ec20c937977,harmful.vin,available,6.98,75.98,medium,low,7,namecheap,,,08/09/2026 09:32
27943b9f-7900-4571-a66c-c1996f83ca58,chan.vin,available,8.99,59.99,high,low,4,namesilo,,,25/09/2026 11:12
24b12f91-e49f-4c0f-b0b1-640b02809a2d,telescopic.vin,available,6.98,75.98,medium,low,10,namecheap,,,11/09/2026 10:24
6f602c45-d06f-4303-8402-8aeed09ccad7,sinless.vin,available,6.98,75.98,medium,low,7,namecheap,,,21/08/2026 21:57
ce380196-53db-4c7d-a429-780835306540,heady.vin,available,6.98,75.98,medium,low,5,namecheap,,,18/08/2026 10:29
c9c22e22-c813-49b8-ba09-b3e267322f1e,atacama.vin,available,11.99,,high,low,7,name.com,,,
e8606917-be20-43d3-baab-854e9fab94b3,plaguy.vin,available,6.98,75.98,medium,low,6,namecheap,,,
92aef2e0-93eb-4f38-afed-efd7b55c9160,synoptic.vin,available,6.98,75.98,high,low,8,namecheap,,,11/09/2026 06:33
be3cf749-a529-41fa-850d-8b650483ee7e,bald.vin,available,,,high,low,4,,,,
be301c95-0b36-4fdd-a81d-39c7520a2c7e,anderson.vin,available,8.99,59.99,high,medium,8,namesilo,,,19/09/2026 04:34
48e44c35-95f8-4230-bfce-419e1d865378,scholar.vin,available,8.99,59.99,high,low,7,namesilo,,,20/09/2026 16:28
8b99eb73-74b9-47ec-ae5a-3a33294c3864,auditorium.vin,available,8.99,59.99,high,low,10,namesilo,,,21/09/2026 03:13
4374dd28-32de-4264-a366-863fcae9cb72,uppity.vin,available,6.98,75.98,medium,low,6,namecheap,,,12/09/2026 23:17
ac553935-7d1c-47a6-a4c3-16f53bf16770,tattooing.vin,available,8.99,59.99,high,low,9,namesilo,,,18/09/2026 01:47
d808cac0-ac72-4226-957a-e98c87ae3b14,doctorfish.vin,available,6.98,75.98,medium,low,10,namecheap,,,16/09/2026 20:58
c066f5bf-fe83-48f2-a2cc-5898f02e182f,arriviste.vin,available,6.98,75.98,medium,low,9,namecheap,,,03/09/2026 22:17
a38d2f26-1917-4280-837c-bbb3556249c2,peking.vin,available,8.99,59.99,high,low,6,namesilo,,,23/09/2026 04:13
3e58c311-d7c3-4400-b99e-da5728b2ad29,visiting.vin,available,11.99,,high,low,8,name.com,,,
d9de50c5-1714-4ca0-bacb-6b8b0b5df76c,occult.vin,available,6.98,75.98,high,low,6,namecheap,,,03/09/2026 12:26